path,role,filename,sha256,md5
../data/raw\HS_extracted/HS\F_AF_A.wav,HS,F_AF_A.wav,0c8586c0e130c27690ab8899c7936923410ea5de7caf77a1ce625414154eafbb,ed42608100859ba100e51c922fad526b
../data/raw\HS_extracted/HS\F_AF_LUSB.wav,HS,F_AF_LUSB.wav,88817e8f2f34b462eb56557bccc3983755a911e26e422bfd9ff38bf44bdb4832,81988975408a96e0d438abe1854bde33
../data/raw\HS_extracted/HS\F_ESM_LLSB.wav,HS,F_ESM_LLSB.wav,c1f3218b6eb105c9a1a345781dc0f71ae001094fa8b83de53f97a29eab6d4c2d,f5f3e4951075ba85e1b4f5e21ce0d0b1
../data/raw\HS_extracted/HS\F_ESM_LUSB.wav,HS,F_ESM_LUSB.wav,008d47f314df8d536a5a3a12f22e74fc2407cfa2f7be4b2167571aa304dd7e38,4e38828aa11245a1529906bfda367d9e
../data/raw\HS_extracted/HS\F_ESM_RUSB.wav,HS,F_ESM_RUSB.wav,d86d743fa04519413a81fa8f42f92ca6754472625d90263ef46da833b7706281,c57f90227b2ce4ac99e6a7d89bdda777
../data/raw\HS_extracted/HS\F_LDM_A.wav,HS,F_LDM_A.wav,82f4276b0dc48d189ec952659bba468b19448614167c23ad26b73663d1de546c,81af6512a3602dd86c79ef28cf56d8b4
../data/raw\HS_extracted/HS\F_LDM_LLSB.wav,HS,F_LDM_LLSB.wav,69e5156243d5e7fa8763895e2ffacb2513675f0b60319333b2d34e90d66ea1f8,f85698e130f932ab2fee348e54c2febb
../data/raw\HS_extracted/HS\F_LDM_LUSB.wav,HS,F_LDM_LUSB.wav,9c5ff84f4ab96048a1f61f63e2d550af314f9c439530cce74bcc4a2355881c73,e43499578fae01a72eee01deaba95782
../data/raw\HS_extracted/HS\F_LSM_A.wav,HS,F_LSM_A.wav,75c2880908609dc205961705e3c61659cb0100f2c4a4486fa980e434f045a250,7f0c0ba0c88a86c020cc956346c84d46
../data/raw\HS_extracted/HS\F_LSM_LLSB.wav,HS,F_LSM_LLSB.wav,a3a034d756b5bbef243f7b0a28b7b9b366de8d42b6ada0414be87412d93551f3,c33ce94cc6f322b45ab257a0cb6c03b5
../data/raw\HS_extracted/HS\F_LSM_LUSB.wav,HS,F_LSM_LUSB.wav,2778d5741abddac9df61c9d6c8e56b33e8e03e8b72e8e2dd4f328018a709feb5,74d1e60a3263dfa6d5ba9d5d2fb6bb05
../data/raw\HS_extracted/HS\F_MSM_A.wav,HS,F_MSM_A.wav,9e2474ad2e766a1da84a3af494f05736971c985efc2a3c0aab80ef42bd86bb6a,e0620a529da8719066f1ef9f0b6b0785
../data/raw\HS_extracted/HS\F_MSM_LLSB.wav,HS,F_MSM_LLSB.wav,1194f42559999a9d8fa5d8cc20ee6cfc2ed8047df99c30186b28587ce30941b7,aae2fc11f1076e1b4a22e07b20f30f00
../data/raw\HS_extracted/HS\F_MSM_LUSB.wav,HS,F_MSM_LUSB.wav,5990211522e34db14f7756715a99cd54f6441a4b3c8f30cc6b4e8b93b9c77289,9cb8506633d729eb23ac6d9c769a05e6
../data/raw\HS_extracted/HS\F_N_A.wav,HS,F_N_A.wav,1e44aa69ab96779a6bcaadbfa931faf88701a2f2a4f5fbae0ede995627969149,cc657bd1fe9108cafa0dfdf635466256
../data/raw\HS_extracted/HS\F_N_LC.wav,HS,F_N_LC.wav,af10e002f75890b1000725446288d23fa6932926879ecf5ee575ee05399f6004,61aa0a31c56bf6d8d38a3561ee0eb1b4
../data/raw\HS_extracted/HS\F_N_LLSB.wav,HS,F_N_LLSB.wav,2ad22e4f843b3bdb4bc29f170acef9b5af42d352cfe1a4b895d92a13dcffd175,0a9c9b416fc1acefe14e314a48dbf9f4
../data/raw\HS_extracted/HS\F_N_LUSB.wav,HS,F_N_LUSB.wav,67e3185b169c948de9783386124a91b615760f7f7d1929012308e7eba57b9b13,c0ab61b92388cfb44a0322f12fed57cc
../data/raw\HS_extracted/HS\F_N_RC.wav,HS,F_N_RC.wav,934df9a969d22e6ff6cc67420d79fb35c6b8516b9f20de66fc9c144fd0af6d0c,c58c285e709fd7a940ce4770e3dcdd9a
../data/raw\HS_extracted/HS\F_N_RUSB.wav,HS,F_N_RUSB.wav,0ff7799ce9e49afff14fa48eeb7d47b92d665951fee419e198291a474834d719,ec4655a7ee1b6deb74ee5477f6e4750d
../data/raw\HS_extracted/HS\F_S3_A.wav,HS,F_S3_A.wav,2f726202cb58008ea99e7ffcee59349b93b24d8d21024881775696a1efb66d88,b6ee3a9ae6a96776327507dfe6f4243d
../data/raw\HS_extracted/HS\F_S3_LC.wav,HS,F_S3_LC.wav,e47372e6546db6426159d14f677d151e9e5d371bb2e37eba867dc0150d1f149a,bb47a0daac89ca5fa39cdf2f698222c5
../data/raw\HS_extracted/HS\F_S3_LLSB.wav,HS,F_S3_LLSB.wav,bde684e26a262cbbe09105e8f609d34160035d1fd8198f9806c08b172955a812,711cf84544ee9e46bb05894bb986c668
../data/raw\HS_extracted/HS\F_S4_RC.wav,HS,F_S4_RC.wav,d3bb640c1411d2a21fe35aaaa84076888144d9ab7dc0b02ebaeef76c3c3c905d,26aa3578a697b16ac7b8bc551b90faed
../data/raw\HS_extracted/HS\F_T_A.wav,HS,F_T_A.wav,c73d7749bbed0d9281913e0fbdf70ed01e5c10f6e41be4d06d65d71064bf9d94,aa2c1b52c1e198766905ea02fc09d8a9
../data/raw\HS_extracted/HS\F_T_RC.wav,HS,F_T_RC.wav,48adc3e3a3e5e66f6e02cf186523692e1066dd361eaf20069a8515d00900ec67,74883c2e3259f2cc4ccdc0cf3e181f3d
../data/raw\HS_extracted/HS\M_AF_LC.wav,HS,M_AF_LC.wav,69d07217522cbb9440a8b442d34c981a977b4bae3668bb6e07ad2217bbd52623,c9b42f24111e740296dc964accd3a228
../data/raw\HS_extracted/HS\M_AF_RUSB.wav,HS,M_AF_RUSB.wav,8e26f0831bf23eaee0e31582a8346a334980eace1c384014e3248bcd12f5a306,50548776dbbda5fd029cb74f1667cf39
../data/raw\HS_extracted/HS\M_AVB_A.wav,HS,M_AVB_A.wav,daac5d4fd3a6cd2999879b6f371918fa0ab574fada1248683f3126418bccff12,dd6200f5fc107065aa339032cb5af4a6
../data/raw\HS_extracted/HS\M_AVB_LLSB.wav,HS,M_AVB_LLSB.wav,405f51125b2d439c6f952837719c881755d6df7f2357192fde52ffe10fa89665,2c6a7dbcb0981d7f226063005c126c74
../data/raw\HS_extracted/HS\M_AVB_RC.wav,HS,M_AVB_RC.wav,2d265504b544dba8893e2e669edbb792061ae3da94906a8152eb1cbecc4070bf,4751234510ac4791b43afaa6f4152032
../data/raw\HS_extracted/HS\M_ESM_A.wav,HS,M_ESM_A.wav,81d85ffcfa724bec98cbee7fc744015e0278884dd1221f1e02c2ceebbf07169b,6de76b8986fee851c0320e2d0429e391
../data/raw\HS_extracted/HS\M_ESM_LUSB.wav,HS,M_ESM_LUSB.wav,ee8738f0acd9a9c3fec30823fe84bfcea9ce80b33296bf8c35143a8e70802cba,09e364dab116e740a27a8f5d3e6a278a
../data/raw\HS_extracted/HS\M_ESM_RUSB.wav,HS,M_ESM_RUSB.wav,06c001b40ec507a1786f0349dbad43ecf4995acfcbcbbfd63a6d7eb3d4eac9c3,7f5815bd4c871b059d3475cd31a4c683
../data/raw\HS_extracted/HS\M_LDM_LC.wav,HS,M_LDM_LC.wav,e70a770aa8567d096f2b7c9d87e5187be8a0209be0e185b6550df40d37977856,9bfed6266c607351ecd11ccff776eb15
../data/raw\HS_extracted/HS\M_LDM_LLSB.wav,HS,M_LDM_LLSB.wav,26d9211ea160a6cc10adecab89e389f68c6abe2f7c5474d8528cffcd4bda047f,418a4b749425655ca5fbcc33e09723b4
../data/raw\HS_extracted/HS\M_LDM_LUSB.wav,HS,M_LDM_LUSB.wav,7cc5ed4feca6640f948180982b4dd6a2af3eccae5064089f56fad3be6b53fe96,d016dfbeaf94eba50ff1c26d4cf0b575
../data/raw\HS_extracted/HS\M_LSM_LUSB.wav,HS,M_LSM_LUSB.wav,01906a7b073ac50269837637dde876016bfed470c1dbb5f0049bfdecde2d39b9,f95a0343e646afe16808a146517b042f
../data/raw\HS_extracted/HS\M_LSM_RUSB.wav,HS,M_LSM_RUSB.wav,130bc3198c44067e9cd0c4ac2822ed97b6015451b2f9083515ee5367f63425f9,721c9e209ddad4ab06141fc4de729e91
../data/raw\HS_extracted/HS\M_MSM_A.wav,HS,M_MSM_A.wav,4b0951ee97fb923b83adbc70115ad1f617e6bfba39add24a411de8845156a159,4ce090e82330a5c4976866c3edcdd799
../data/raw\HS_extracted/HS\M_MSM_LUSB.wav,HS,M_MSM_LUSB.wav,260191f3f132c026e47f08ab18c7ede9f3207c3bc26ee019d4e6888b90bf1c2f,ece7508086229af3c0a4d50e6dd1137d
../data/raw\HS_extracted/HS\M_MSM_RC.wav,HS,M_MSM_RC.wav,173c5afb4040c9eff534a52488d3bc897c9852640b3534378f0f48e60ac630ee,53c1c6d4d5d567fa58e9851f96b9b5cb
../data/raw\HS_extracted/HS\M_MSM_RUSB.wav,HS,M_MSM_RUSB.wav,9e7e6935baca8d4718502025b867bae1027785a6d52fc6f3bc46d2907f5f5f23,d39cce0dc95fff951c283d1d7f3c58bb
../data/raw\HS_extracted/HS\M_N_LC.wav,HS,M_N_LC.wav,2cbdaefb380480e74fe54f2471c0cf96111e57f9dfca877534f5d7ba0b8bcb45,03208d2595da38b45f7784080cc3b386
../data/raw\HS_extracted/HS\M_N_LLSB.wav,HS,M_N_LLSB.wav,7043f1b2c8a517913929acdc599246105978eba45920d3423e3a436dbe2254c3,cb768f7a5cefa20deb81f89c62a1f135
../data/raw\HS_extracted/HS\M_N_RUSB.wav,HS,M_N_RUSB.wav,1761bd4a151efea378d7aa4c7ab03ad64c2fa048462be30d0ba8b48c767b7c7c,be4ba3c5564842db8ee8ca68e88e22ad
../data/raw\HS_extracted/HS\M_S3_LLSB.wav,HS,M_S3_LLSB.wav,8cccbf140279d44f80b8ff3b401fe290baa68495752fe6cc1245ac24542ac5bd,2e6f7ae033a67d837f6a9c20c6890ec6
../data/raw\HS_extracted/HS\M_S3_LUSB.wav,HS,M_S3_LUSB.wav,b778a92961a40fe7be22b462ebe0116b549970ff9b64054432ae42e1dbb274fc,6388ef87f944e1039b14f52ad9190289
../data/raw\HS_extracted/HS\M_S4_LUSB.wav,HS,M_S4_LUSB.wav,847a34a50d573595da92081f62ad22b71747bc7e2719bdf016082bd70598d198,50bf9d9aca6b0c226461616e2f9f73bc
../data/raw\HS_extracted/HS\M_T_LUSB.wav,HS,M_T_LUSB.wav,90ecb009b57ea0d81cae989eff77a9647d1c22b88b5cf0d6b05a131bc8404cac,c52d8e1a9abc28e573c27af4299b8682
../data/raw\LS_extracted/LS\F_CC_LLA.wav,LS,F_CC_LLA.wav,335102ce29559962368bfe6f855b96f095709aa354eb07a09bfb8fdff4b0a5c4,f301304d090925d3adfcf9ee81e0980b
../data/raw\LS_extracted/LS\F_CC_LMA.wav,LS,F_CC_LMA.wav,1551eca8b8edf452993ed90b0db860638403f14376aeb137edcf90ddb88b9729,bf4fab233510c820172273305b03bf38
../data/raw\LS_extracted/LS\F_CC_LUA.wav,LS,F_CC_LUA.wav,6a033c3022991a3350674c37200d6f76214d4e7580d03fbef32c12f362c54397,ca3fbd9e6a1397abcb99e55dd6f84cfd
../data/raw\LS_extracted/LS\F_CC_RLA.wav,LS,F_CC_RLA.wav,7087bb3226bdf547ff684e922bce4936fdf34196d09fed90e7d37248ce273db1,0ca587a674acba4413426e4e96c0708a
../data/raw\LS_extracted/LS\F_CC_RMA.wav,LS,F_CC_RMA.wav,ccc82265641fd77cfd43f967ac3648a39a86008475207c7c5c723a26bc4af188,9e7bef45d64a030f4ffc8c352b74158d
../data/raw\LS_extracted/LS\F_FC_LUA.wav,LS,F_FC_LUA.wav,a7394eb73eeeb0d43bf497be9846b8a51f112f609be8c29a5b91da7bc1d80f12,2c6723216e24ecff055e23ace278c6fd
../data/raw\LS_extracted/LS\F_FC_RLA.wav,LS,F_FC_RLA.wav,34378c2f6f66d97df21ccb5cff9bf5335ea1d069554a356c729c674ac012bd90,94085ffecf27649f304ae2a575a91da8
../data/raw\LS_extracted/LS\F_N_LLA.wav,LS,F_N_LLA.wav,d8e585f2e6c325deb607c0e3d299b135f23fbc36dff245b787562a6b26baf438,5af36b9b677b8496a5a57683ad4b3605
../data/raw\LS_extracted/LS\F_N_LMA.wav,LS,F_N_LMA.wav,4fca10815cf6a792e80af5af1b23de3461a35e3e16e08117f3fd084ef6889c0a,69fe3b3b206712b1340becb63c728346
../data/raw\LS_extracted/LS\F_N_LUA.wav,LS,F_N_LUA.wav,e3416021c0bf5eb37790422b283eb3afe8a30167d36c3260d56523901641d41b,74491af17804c832e4c35e311a3bd826
../data/raw\LS_extracted/LS\F_N_RLA.wav,LS,F_N_RLA.wav,012a1a39d4f38e5b08717bfb134b69e90621989c86f5e6181e307f178eb6a673,484f7d92800f4e9cf667d66b4c19faf0
../data/raw\LS_extracted/LS\F_N_RMA.wav,LS,F_N_RMA.wav,c3c4c7c1adacfa4e134fac16116a019db6bc36122b7ef5a9ee30389a65fcc60c,fd47ba4c7fa4a993b32bbac601868ed0
../data/raw\LS_extracted/LS\F_N_RUA.wav,LS,F_N_RUA.wav,f70929d2cff4d43f2081c800d34d79600b05b7be48942bf2341d90ee7a42eba8,5ed33970039e3af32c9287b565056754
../data/raw\LS_extracted/LS\F_PR_LLA.wav,LS,F_PR_LLA.wav,a48ae948639da450eecce80aeeabe31419e6e4aad2ee21c7f26874cf5ef84ccb,50b817717cdcf850e05d9f92b692c1cd
../data/raw\LS_extracted/LS\F_PR_LMA.wav,LS,F_PR_LMA.wav,d8fbd7dc6ecd28955038e55d75ab28f1006692ae9229c7988da00bf112d61451,d163320dd50adc77e5ca15522114d523
../data/raw\LS_extracted/LS\F_PR_LUA.wav,LS,F_PR_LUA.wav,6850efa827a3fdfaf27b5c12418330e993b391fdf1ac1698bf24fd07057d5f27,d57892e1bee041e437c3db12a0e01faf
../data/raw\LS_extracted/LS\F_R_LMA.wav,LS,F_R_LMA.wav,b22e4a39fe253c5b11f6a2273bf40db8f45b1962c343ccfebe37040a1ff4223e,c796277ec3c346ebbc46f55d27d3d0b6
../data/raw\LS_extracted/LS\F_R_LUA.wav,LS,F_R_LUA.wav,6e16fbcfbcae5accbba8bcd344b617e3e20ade4749f727e9c674b8fc74eb75f0,28653ca79e089dde090e2ade4cef877d
../data/raw\LS_extracted/LS\F_R_RLA.wav,LS,F_R_RLA.wav,602a1f583ad54188c919761d3128e334e84aadfa12f6e870f886e33f23fc2a08,605a8f8f1c784651f97a404bd4416779
../data/raw\LS_extracted/LS\F_W_RUA.wav,LS,F_W_RUA.wav,691c145cbb0634e4caaa68af480089af8e032f6d5e4e3d7781830d86065ed750,f0d2930a46f7160f3e8281a62340ee85
../data/raw\LS_extracted/LS\M_CC_LLA.wav,LS,M_CC_LLA.wav,9d1c272c1c313c54d58fcdb45568e13e8fe4df3b8a8c368c77de082009412b08,9980b4e3aae0c64b65ce06f0426140b3
../data/raw\LS_extracted/LS\M_CC_LMA.wav,LS,M_CC_LMA.wav,773c78538578c1271215c30b58b98097daa9236cf70eb53c82c84ac58a7cf59f,fe6d7cca545647ea8ec1ef108cde125b
../data/raw\LS_extracted/LS\M_CC_LUA.wav,LS,M_CC_LUA.wav,82982ee5a71a81297154acf6061a4ff50a74b866f13a348274763de1f132c743,b4f307c2de976f9427839e1182d3ed49
../data/raw\LS_extracted/LS\M_CC_RLA.wav,LS,M_CC_RLA.wav,8a4f778e61654cde0ee53d3a61dae94ebdbc45c2fdfcea6c144ace86bc91d75d,9d69fbe2b3466431b33e1d7cf1377143
../data/raw\LS_extracted/LS\M_FC_LUA.wav,LS,M_FC_LUA.wav,2a55396ed2373d825dd78fa9a11c07366707fafdb741e37da037a73b2573872f,daabb3decf0a4aabf3818f35491b31f2
../data/raw\LS_extracted/LS\M_FC_RLA.wav,LS,M_FC_RLA.wav,fff0e2ec049da356ad9767b85df0c054c8a393340c6e7d608e70518d76182925,7fc3f17b37471176b97636e9c1a4fee4
../data/raw\LS_extracted/LS\M_FC_RUA.wav,LS,M_FC_RUA.wav,08d97dfee8fba2182416e14387b8f15337bc8582e9a7d0cab64fc3209aaf4d34,355778bcda4ac58b5f834ac46abe6ea2
../data/raw\LS_extracted/LS\M_N_LLA.wav,LS,M_N_LLA.wav,73a7070b2a33aca15376bd7d802e6b581308d43e258e9249f3fb9065d3622c6f,9607ad5b7fdf3966c2f832906a4df7c0
../data/raw\LS_extracted/LS\M_N_LMA.wav,LS,M_N_LMA.wav,7c7e83b21a113db5782bf07364b05002ed6818b234c9f4ed16e6c20311d82902,f6bbfaba2b70276f0181a985ecc3aece
../data/raw\LS_extracted/LS\M_N_LUA.wav,LS,M_N_LUA.wav,c138fdea9a74dbb2884eaca5f8f25a098c6ea30d3edf0d51e825cbb6424ac38c,fb58451f9394001eaadd7cd4781b3960
../data/raw\LS_extracted/LS\M_N_RLA.wav,LS,M_N_RLA.wav,28cac077414f08ea0d878ad3f7c4595c9e61cf290c73657dd996efee09f150e4,7f13120ffaf7aeece89e4f1943deb69d
../data/raw\LS_extracted/LS\M_N_RMA.wav,LS,M_N_RMA.wav,35684faf15c46f643bb036f13a574fb52008b19f0021f13b93ecae45d48c601d,7e3e88767a4b4d7a669ba7e58a26397e
../data/raw\LS_extracted/LS\M_N_RUA.wav,LS,M_N_RUA.wav,7896a4c66c2bda08e4e7acc89548ee153e596b1c50e9d863a11e746f43a12087,343eb4f9fa0c8726bd2d5fe497b4a2d8
../data/raw\LS_extracted/LS\M_PR_LLA.wav,LS,M_PR_LLA.wav,bf0b3bd1fdf75d4acfeb2e36446461df4af46bb386f53c58097a1e845fff4458,7456b776513256d0424819928e23d780
../data/raw\LS_extracted/LS\M_PR_LMA.wav,LS,M_PR_LMA.wav,6e0f8aa93a9ab8b8b1b6f18a7026cb8b3b516e6f5984353d40a3eff38c21083d,10890f8e27c64a9b072a4fbb65bb9980
../data/raw\LS_extracted/LS\M_PR_LUA.wav,LS,M_PR_LUA.wav,b82372d20d006b53e6b7b69610ebc41f42c05c054e3ca1971abc69fd8f89d320,9b0aff77bd0f7b8bf06dfe5c07faf22b
../data/raw\LS_extracted/LS\M_PR_RLA.wav,LS,M_PR_RLA.wav,c1e9a95d49daef0b5e7ca34c69482ccec604b241aa3ab2fcf160e38139a555de,ba845f87b339b4ba82f621856dea3312
../data/raw\LS_extracted/LS\M_PR_RMA.wav,LS,M_PR_RMA.wav,2b3f4c8bfea2eb04a24020e1ece1ea277930a6bf26b52c7b221791a8c9f509d6,b3498015028b959982cbe187280ad882
../data/raw\LS_extracted/LS\M_PR_RUA.wav,LS,M_PR_RUA.wav,c4cd0b01b75f025050cd8ea8432a1fe802b032c9085f1c93b91e294bfd2ec522,358e3a44cabd5cf33cbea0e48d6201ce
../data/raw\LS_extracted/LS\M_R_LLA.wav,LS,M_R_LLA.wav,a7912e630bf08a5877b00f3403b1d45fca650ec0239b648931574f6c182623f2,41afae6667dbbc74c12558e63eb5e02b
../data/raw\LS_extracted/LS\M_R_LMA.wav,LS,M_R_LMA.wav,0c48d8bb8ee6d94a8bc0709c260f75355c52e8398f9728a5c8b07d0c75ccfed0,2a1726ec95ac5c950620e8c826b30f4b
../data/raw\LS_extracted/LS\M_R_LUA.wav,LS,M_R_LUA.wav,5899c231c6d826a98e2ec7728ba8b2bbdacd4029b06f6e4e071f0035c4dea701,d9356cc1a7a33ed2757624e722a53c82
../data/raw\LS_extracted/LS\M_R_RLA.wav,LS,M_R_RLA.wav,ab338049a69ff3b77a1ca6ec34926dbf352a7675ec5c3ac21ecccb4e9ab49e22,21e4360d179cf1cf3441f74904276bec
../data/raw\LS_extracted/LS\M_R_RUA.wav,LS,M_R_RUA.wav,e1f3b9a5190882c3f544191b4062d7f7948708348eeff8892afe9b69d30487f0,d6dee879ce1fc86bca31df7c981d55c9
../data/raw\LS_extracted/LS\M_W_LLA.wav,LS,M_W_LLA.wav,66631c4fd6c083a85fe29340515dbb4b97646f788ce94d6aee584b9e07e3b6cb,e71075004c8c62726aa7923090e0a068
../data/raw\LS_extracted/LS\M_W_LMA.wav,LS,M_W_LMA.wav,f3faa92fd750f9b37ecd0de60fdb13d6ddf3ca45702c0c8db985ef17eb468cb9,2720252f684b7663e8b8984d5f7748c4
../data/raw\LS_extracted/LS\M_W_LUA.wav,LS,M_W_LUA.wav,bc5d13efdb59f2691d0b4b08dd4357415d4badfb5254e16c282896ef666e90cd,cc3a33a693a1b1f834fbb7dc40f8a697
../data/raw\LS_extracted/LS\M_W_RLA.wav,LS,M_W_RLA.wav,9aff30a6000fcc22b5b879ed83df2fa8089600e7ff8476d126d0f248dbf9c372,c8e0e5c3143c21b022befde925589aed
../data/raw\LS_extracted/LS\M_W_RMA.wav,LS,M_W_RMA.wav,676a83c3bb443efbe2c7ad610e53dd85f5978c8231ec0374dd9ea09fa8746e40,dda41c4a2ede30060b3fdb4761eeb1e6
../data/raw\LS_extracted/LS\M_W_RUA.wav,LS,M_W_RUA.wav,238bb8c2b0c2730107fdb8a91363521b068dae45e988aad4220af3dc637bad96,ee5923c9e34f2e9fb28e529f181e7d4a
../data/raw\Mix_extracted/Mix\H0001.wav,Mix-H,H0001.wav,2778d5741abddac9df61c9d6c8e56b33e8e03e8b72e8e2dd4f328018a709feb5,74d1e60a3263dfa6d5ba9d5d2fb6bb05
../data/raw\Mix_extracted/Mix\H0002.wav,Mix-H,H0002.wav,bd5e2d6535f482905412e9b0bd19543a5f0dda32c84ac45936c666ae3909b73b,a6d3d0c4f052540a88383563349d23f3
../data/raw\Mix_extracted/Mix\H0003.wav,Mix-H,H0003.wav,2ce6ab8b7b51d440e974da652a95ee140f36edc7b434c9a741dcd7d5a326618c,8e4fbf7385885be99e6151d0846e4691
../data/raw\Mix_extracted/Mix\H0004.wav,Mix-H,H0004.wav,2f726202cb58008ea99e7ffcee59349b93b24d8d21024881775696a1efb66d88,b6ee3a9ae6a96776327507dfe6f4243d
../data/raw\Mix_extracted/Mix\H0005.wav,Mix-H,H0005.wav,e6e1016d8db565e463d99deba2c508cdb635d658f66873fb77e306948b61f90d,396fd049def4d7854d2c45231521d5ef
../data/raw\Mix_extracted/Mix\H0006.wav,Mix-H,H0006.wav,368225714fea9c15e6999d47c692bf588e4131d0f803add204d0b81902136a21,fb7f1631f6be2000a6ba0ce21df1d494
../data/raw\Mix_extracted/Mix\H0007.wav,Mix-H,H0007.wav,c73d7749bbed0d9281913e0fbdf70ed01e5c10f6e41be4d06d65d71064bf9d94,aa2c1b52c1e198766905ea02fc09d8a9
../data/raw\Mix_extracted/Mix\H0008.wav,Mix-H,H0008.wav,fe0b4e1beb5bbd0b2801634c72e732c3e4ff68c93ca470760309bf3d0e939587,516330b884d8dbe6cdc8feb954538a3f
../data/raw\Mix_extracted/Mix\H0009.wav,Mix-H,H0009.wav,5dc856ee8a43e3ef63fc86e8b5e659658359c3f7e66d3199571da6b3fcd1dc7f,cfda7d8a8642ae8a88805a44326eb1c4
../data/raw\Mix_extracted/Mix\H0010.wav,Mix-H,H0010.wav,c6175be08d3eb0f159b7faab2fbe5c2445d9b8d492ba5051f7b95b52d50a2730,0b3c6af4688ec18843ffd728e1a04198
../data/raw\Mix_extracted/Mix\H0011.wav,Mix-H,H0011.wav,9a2bc6fb3d86ac8ca876d15eb0043fc686629fb944b4a7256ddd6ffd97fe65e5,db3f4edce75debf97fce6613fea1d31a
../data/raw\Mix_extracted/Mix\H0012.wav,Mix-H,H0012.wav,da2290c4e13e8497eeb53b2a5a50048dadbe89f9965376c1d7173733dab5ca5f,ce1153d50c1069af0258abebbc6739a8
../data/raw\Mix_extracted/Mix\H0013.wav,Mix-H,H0013.wav,78b25cdb9d82e195141a57c50c11b1d7523ebf9f5db0e5ce0a9aa8ca361ca31b,419ddf1c76b9ecf3a0ead56fbac7b22e
../data/raw\Mix_extracted/Mix\H0014.wav,Mix-H,H0014.wav,9ee10987193daead2ea6bb7916f01cbefc6fe420d5adadac97e319784f611e4b,7c2098dd7e56d6977514fa71dfe62b82
../data/raw\Mix_extracted/Mix\H0015.wav,Mix-H,H0015.wav,9ee10987193daead2ea6bb7916f01cbefc6fe420d5adadac97e319784f611e4b,7c2098dd7e56d6977514fa71dfe62b82
../data/raw\Mix_extracted/Mix\H0016.wav,Mix-H,H0016.wav,75ff8f1dbbfa60a1448d8f15f273bff3003816373d4ef975df6c6d7c8635f44d,459d949b48621e09cc58f548cd0e6fba
../data/raw\Mix_extracted/Mix\H0017.wav,Mix-H,H0017.wav,368225714fea9c15e6999d47c692bf588e4131d0f803add204d0b81902136a21,fb7f1631f6be2000a6ba0ce21df1d494
../data/raw\Mix_extracted/Mix\H0018.wav,Mix-H,H0018.wav,130bc3198c44067e9cd0c4ac2822ed97b6015451b2f9083515ee5367f63425f9,721c9e209ddad4ab06141fc4de729e91
../data/raw\Mix_extracted/Mix\H0019.wav,Mix-H,H0019.wav,d79fe3777305ab972a3785313cf1da73a06e1b0d17272ea2bfffb0d696ebda1a,2e4208db24cd5f61c9c5cb312b2b1740
../data/raw\Mix_extracted/Mix\H0020.wav,Mix-H,H0020.wav,4fb2631bcdf9cc4853fe598c842db98085a3f3ab1dae0177fbbc9726556baa5e,3dd662d50c927432da393bf3b896b105
../data/raw\Mix_extracted/Mix\H0021.wav,Mix-H,H0021.wav,2778d5741abddac9df61c9d6c8e56b33e8e03e8b72e8e2dd4f328018a709feb5,74d1e60a3263dfa6d5ba9d5d2fb6bb05
../data/raw\Mix_extracted/Mix\H0022.wav,Mix-H,H0022.wav,62de99b71aa137d721547e1c136d52d562f2699205dba84974b7dd65fb5f6b83,30f118c5d75e74e7a8acff9cf0e0ad5f
../data/raw\Mix_extracted/Mix\H0023.wav,Mix-H,H0023.wav,99c8291451d49a470d8b95b1019be5fe02be7407a84c676d047d774386f47f71,dabac4a26e863c4ecc225390b5e77803
../data/raw\Mix_extracted/Mix\H0024.wav,Mix-H,H0024.wav,847a34a50d573595da92081f62ad22b71747bc7e2719bdf016082bd70598d198,50bf9d9aca6b0c226461616e2f9f73bc
../data/raw\Mix_extracted/Mix\H0025.wav,Mix-H,H0025.wav,78b25cdb9d82e195141a57c50c11b1d7523ebf9f5db0e5ce0a9aa8ca361ca31b,419ddf1c76b9ecf3a0ead56fbac7b22e
../data/raw\Mix_extracted/Mix\H0026.wav,Mix-H,H0026.wav,140d4aae78149fc76479ed13792042655b79b120ea5975a4dc57be5d8aefbcc0,635b81fc573fcce25e3585d20ac83802
../data/raw\Mix_extracted/Mix\H0027.wav,Mix-H,H0027.wav,34532f39f34bc16c2376c3bd7b26f5f7710d42957125753bc0ae51417f0f4daf,9faa94a5e1ff11f3ada8da7b2727db57
../data/raw\Mix_extracted/Mix\H0028.wav,Mix-H,H0028.wav,b7bd67d92c95e59138faabbcf3ce443da50ada4c3b298bd1c46c07adb2a938c8,d9fe8a2286b8038ee0fe92f48efffac5
../data/raw\Mix_extracted/Mix\H0029.wav,Mix-H,H0029.wav,99c8291451d49a470d8b95b1019be5fe02be7407a84c676d047d774386f47f71,dabac4a26e863c4ecc225390b5e77803
../data/raw\Mix_extracted/Mix\H0030.wav,Mix-H,H0030.wav,d3bb640c1411d2a21fe35aaaa84076888144d9ab7dc0b02ebaeef76c3c3c905d,26aa3578a697b16ac7b8bc551b90faed
../data/raw\Mix_extracted/Mix\H0031.wav,Mix-H,H0031.wav,75c2880908609dc205961705e3c61659cb0100f2c4a4486fa980e434f045a250,7f0c0ba0c88a86c020cc956346c84d46
../data/raw\Mix_extracted/Mix\H0032.wav,Mix-H,H0032.wav,d79fe3777305ab972a3785313cf1da73a06e1b0d17272ea2bfffb0d696ebda1a,2e4208db24cd5f61c9c5cb312b2b1740
../data/raw\Mix_extracted/Mix\H0033.wav,Mix-H,H0033.wav,01906a7b073ac50269837637dde876016bfed470c1dbb5f0049bfdecde2d39b9,f95a0343e646afe16808a146517b042f
../data/raw\Mix_extracted/Mix\H0034.wav,Mix-H,H0034.wav,0e9bca352eb02201fbead0511fb7f361ecc09a96a9837cb1448d00eab7311ebd,f5ef6607cb8787cd53e0ef15a84b7f33
../data/raw\Mix_extracted/Mix\H0035.wav,Mix-H,H0035.wav,aeb854d58349868ca9c89ca98b9ed54b9eefec62454b01183deaac33bf66a942,9d316ee357a71c466a9f91af39d8d057
../data/raw\Mix_extracted/Mix\H0036.wav,Mix-H,H0036.wav,e4ce9cad3f1cf4032b0a111ea4ab332b780ecf0c66a5ef42869d0f44175b8783,07d3dddae1fb324c5cdc9de0d39aa31e
../data/raw\Mix_extracted/Mix\H0037.wav,Mix-H,H0037.wav,405f51125b2d439c6f952837719c881755d6df7f2357192fde52ffe10fa89665,2c6a7dbcb0981d7f226063005c126c74
../data/raw\Mix_extracted/Mix\H0038.wav,Mix-H,H0038.wav,bde684e26a262cbbe09105e8f609d34160035d1fd8198f9806c08b172955a812,711cf84544ee9e46bb05894bb986c668
../data/raw\Mix_extracted/Mix\H0039.wav,Mix-H,H0039.wav,2cbdaefb380480e74fe54f2471c0cf96111e57f9dfca877534f5d7ba0b8bcb45,03208d2595da38b45f7784080cc3b386
../data/raw\Mix_extracted/Mix\H0040.wav,Mix-H,H0040.wav,99c8291451d49a470d8b95b1019be5fe02be7407a84c676d047d774386f47f71,dabac4a26e863c4ecc225390b5e77803
../data/raw\Mix_extracted/Mix\H0041.wav,Mix-H,H0041.wav,d16353a5eaeabad19401408c817ebb0efc681fef1a9280727cbc5070c6db336d,b18c647968991d2105f657696efce33d
../data/raw\Mix_extracted/Mix\H0042.wav,Mix-H,H0042.wav,958b8e2abb8636f72e24093923d7f26dd5e7576f2731a0095697a20d1a101ddb,f7bb33ff500b2952c1cdbdbee96f60cc
../data/raw\Mix_extracted/Mix\H0043.wav,Mix-H,H0043.wav,45dcf371da9898b5bec7b1cc2aa46ba5fb76b6afc0a7c688a5171b90fa01b290,37b66bc1ddbf26161c955682a250073a
../data/raw\Mix_extracted/Mix\H0044.wav,Mix-H,H0044.wav,6d993c4c589a0cc79db882746bdecbbe24befc1a58e980b704fb7ffaf5b5ca80,ee93ea3fe51b0bd80905ba671950bdc9
../data/raw\Mix_extracted/Mix\H0045.wav,Mix-H,H0045.wav,26d9211ea160a6cc10adecab89e389f68c6abe2f7c5474d8528cffcd4bda047f,418a4b749425655ca5fbcc33e09723b4
../data/raw\Mix_extracted/Mix\H0046.wav,Mix-H,H0046.wav,2ce6ab8b7b51d440e974da652a95ee140f36edc7b434c9a741dcd7d5a326618c,8e4fbf7385885be99e6151d0846e4691
../data/raw\Mix_extracted/Mix\H0047.wav,Mix-H,H0047.wav,9da9e46a21dad6ed6636f405f0cee8fa53a1d25f4e2d4cd1b73932eb86bc2c92,29ad47a1ebce32abb03810af11d17418
../data/raw\Mix_extracted/Mix\H0048.wav,Mix-H,H0048.wav,aeb854d58349868ca9c89ca98b9ed54b9eefec62454b01183deaac33bf66a942,9d316ee357a71c466a9f91af39d8d057
../data/raw\Mix_extracted/Mix\H0049.wav,Mix-H,H0049.wav,4b0522e80c6033e96c32e3e7bc0b235d39a4a06375e57dad9df5339922267bd2,2f47ece680642d7e5b1687670cadb050
../data/raw\Mix_extracted/Mix\H0050.wav,Mix-H,H0050.wav,008d47f314df8d536a5a3a12f22e74fc2407cfa2f7be4b2167571aa304dd7e38,4e38828aa11245a1529906bfda367d9e
../data/raw\Mix_extracted/Mix\H0051.wav,Mix-H,H0051.wav,48adc3e3a3e5e66f6e02cf186523692e1066dd361eaf20069a8515d00900ec67,74883c2e3259f2cc4ccdc0cf3e181f3d
../data/raw\Mix_extracted/Mix\H0052.wav,Mix-H,H0052.wav,64e7b6318e9eb54c8b0324fc2e5424cf5be8b3eb624622ae53dbe471a44415f8,a840341a28aacb7efaf139ab74a1caf8
../data/raw\Mix_extracted/Mix\H0053.wav,Mix-H,H0053.wav,125b63aeac3a3fb88aac57985a0dc5b68007224a2894fa4e62b338171a2b1f72,f277a3ff3d2838c4b32fec6c48424063
../data/raw\Mix_extracted/Mix\H0054.wav,Mix-H,H0054.wav,686eab0950d15feffa7bae6900c9bf591ea1ed0feba35aa6e8bb3fc796eba7fb,8bfbc31bf95a43e444481fa18046b3f2
../data/raw\Mix_extracted/Mix\H0055.wav,Mix-H,H0055.wav,75c2880908609dc205961705e3c61659cb0100f2c4a4486fa980e434f045a250,7f0c0ba0c88a86c020cc956346c84d46
../data/raw\Mix_extracted/Mix\H0056.wav,Mix-H,H0056.wav,262cd23eabc286413ccebe1477f329a74e428c15835a74513ff2a4ec430ab2fe,0a2f8621399f152bc0b36aeeb3d832fc
../data/raw\Mix_extracted/Mix\H0057.wav,Mix-H,H0057.wav,4fb2631bcdf9cc4853fe598c842db98085a3f3ab1dae0177fbbc9726556baa5e,3dd662d50c927432da393bf3b896b105
../data/raw\Mix_extracted/Mix\H0058.wav,Mix-H,H0058.wav,8e0be8ee735c87b4c125099f6c28c02849e6d7549875cdcafed0e71fd6c2b1b2,55f73d28e0cc4dd0ed86515d3f43d0c7
../data/raw\Mix_extracted/Mix\H0059.wav,Mix-H,H0059.wav,bd5e2d6535f482905412e9b0bd19543a5f0dda32c84ac45936c666ae3909b73b,a6d3d0c4f052540a88383563349d23f3
../data/raw\Mix_extracted/Mix\H0060.wav,Mix-H,H0060.wav,9c5ff84f4ab96048a1f61f63e2d550af314f9c439530cce74bcc4a2355881c73,e43499578fae01a72eee01deaba95782
../data/raw\Mix_extracted/Mix\H0061.wav,Mix-H,H0061.wav,0ddaeb0d21776310e861ed209b0398163d506f640ef0f90238d489545b177367,04d4fc5dc9a6ce6781356f1d58edaac6
../data/raw\Mix_extracted/Mix\H0062.wav,Mix-H,H0062.wav,51088c45295ad7d52bd07a16c8d79d52eda0b168d87f6bc4eeebfd109ddea141,b12d6216a9437627a0a67fd556e4199c
../data/raw\Mix_extracted/Mix\H0063.wav,Mix-H,H0063.wav,4b0522e80c6033e96c32e3e7bc0b235d39a4a06375e57dad9df5339922267bd2,2f47ece680642d7e5b1687670cadb050
../data/raw\Mix_extracted/Mix\H0064.wav,Mix-H,H0064.wav,9a2bc6fb3d86ac8ca876d15eb0043fc686629fb944b4a7256ddd6ffd97fe65e5,db3f4edce75debf97fce6613fea1d31a
../data/raw\Mix_extracted/Mix\H0065.wav,Mix-H,H0065.wav,0c8586c0e130c27690ab8899c7936923410ea5de7caf77a1ce625414154eafbb,ed42608100859ba100e51c922fad526b
../data/raw\Mix_extracted/Mix\H0066.wav,Mix-H,H0066.wav,7043f1b2c8a517913929acdc599246105978eba45920d3423e3a436dbe2254c3,cb768f7a5cefa20deb81f89c62a1f135
../data/raw\Mix_extracted/Mix\H0067.wav,Mix-H,H0067.wav,41606df5501811697bf9a0559ceb86e46bf2ed5d3de913b21b5e56d689f5f009,74a6ce66b53cf8ca530cb549a0592de3
../data/raw\Mix_extracted/Mix\H0068.wav,Mix-H,H0068.wav,05bb39b912490d0c8ae70250b8d2f60a0df8646993bf00a044c402b0dcaa8bd4,9130578cea5faa2b0c40145a7c2907f6
../data/raw\Mix_extracted/Mix\H0069.wav,Mix-H,H0069.wav,75c2880908609dc205961705e3c61659cb0100f2c4a4486fa980e434f045a250,7f0c0ba0c88a86c020cc956346c84d46
../data/raw\Mix_extracted/Mix\H0070.wav,Mix-H,H0070.wav,75c2880908609dc205961705e3c61659cb0100f2c4a4486fa980e434f045a250,7f0c0ba0c88a86c020cc956346c84d46
../data/raw\Mix_extracted/Mix\H0071.wav,Mix-H,H0071.wav,05bb39b912490d0c8ae70250b8d2f60a0df8646993bf00a044c402b0dcaa8bd4,9130578cea5faa2b0c40145a7c2907f6
../data/raw\Mix_extracted/Mix\H0072.wav,Mix-H,H0072.wav,c6b2cab39ff5df04b480cd21486783b63c08a42f05a8ce8b8034cfc5edd06214,19a4f32738d12142fefd4e9ffe502d06
../data/raw\Mix_extracted/Mix\H0073.wav,Mix-H,H0073.wav,14bbf45334b20f823997faf70c7d24356601bf311c4ca34eff58724831b2aa5a,3fd6a6697728bbf44304acfa17a3699f
../data/raw\Mix_extracted/Mix\H0074.wav,Mix-H,H0074.wav,50e51745a6a0949539480473204a98159bb276d04f1d363f29b93dbe07f515cd,ee53cb5bb36d490a0f09fc3eaac86156
../data/raw\Mix_extracted/Mix\H0075.wav,Mix-H,H0075.wav,008d47f314df8d536a5a3a12f22e74fc2407cfa2f7be4b2167571aa304dd7e38,4e38828aa11245a1529906bfda367d9e
../data/raw\Mix_extracted/Mix\H0076.wav,Mix-H,H0076.wav,660ce3671b78d9a32b0268b115dd03bbbe441a1ecc629457b43e9aeaa221edc6,b51f47a8884bf8632fc9df92d3942254
../data/raw\Mix_extracted/Mix\H0077.wav,Mix-H,H0077.wav,e70a770aa8567d096f2b7c9d87e5187be8a0209be0e185b6550df40d37977856,9bfed6266c607351ecd11ccff776eb15
../data/raw\Mix_extracted/Mix\H0078.wav,Mix-H,H0078.wav,130bc3198c44067e9cd0c4ac2822ed97b6015451b2f9083515ee5367f63425f9,721c9e209ddad4ab06141fc4de729e91
../data/raw\Mix_extracted/Mix\H0079.wav,Mix-H,H0079.wav,99c8291451d49a470d8b95b1019be5fe02be7407a84c676d047d774386f47f71,dabac4a26e863c4ecc225390b5e77803
../data/raw\Mix_extracted/Mix\H0080.wav,Mix-H,H0080.wav,260191f3f132c026e47f08ab18c7ede9f3207c3bc26ee019d4e6888b90bf1c2f,ece7508086229af3c0a4d50e6dd1137d
../data/raw\Mix_extracted/Mix\H0081.wav,Mix-H,H0081.wav,a3a034d756b5bbef243f7b0a28b7b9b366de8d42b6ada0414be87412d93551f3,c33ce94cc6f322b45ab257a0cb6c03b5
../data/raw\Mix_extracted/Mix\H0082.wav,Mix-H,H0082.wav,75c2880908609dc205961705e3c61659cb0100f2c4a4486fa980e434f045a250,7f0c0ba0c88a86c020cc956346c84d46
../data/raw\Mix_extracted/Mix\H0083.wav,Mix-H,H0083.wav,daac5d4fd3a6cd2999879b6f371918fa0ab574fada1248683f3126418bccff12,dd6200f5fc107065aa339032cb5af4a6
../data/raw\Mix_extracted/Mix\H0084.wav,Mix-H,H0084.wav,83716071f869c213c5e551ae52875eb02a8ad5520c93a32055b5035a4655dfd4,12a62db507d5a0797d75dbdfede8c391
../data/raw\Mix_extracted/Mix\H0085.wav,Mix-H,H0085.wav,af10e002f75890b1000725446288d23fa6932926879ecf5ee575ee05399f6004,61aa0a31c56bf6d8d38a3561ee0eb1b4
../data/raw\Mix_extracted/Mix\H0086.wav,Mix-H,H0086.wav,14bbf45334b20f823997faf70c7d24356601bf311c4ca34eff58724831b2aa5a,3fd6a6697728bbf44304acfa17a3699f
../data/raw\Mix_extracted/Mix\H0087.wav,Mix-H,H0087.wav,2ce6ab8b7b51d440e974da652a95ee140f36edc7b434c9a741dcd7d5a326618c,8e4fbf7385885be99e6151d0846e4691
../data/raw\Mix_extracted/Mix\H0088.wav,Mix-H,H0088.wav,b40f3be3088b7d9fc4b49a22e741229edd2e0650534bf86db635a6a97f17a570,c8aa93ae96d88014fbb18440575bff5d
../data/raw\Mix_extracted/Mix\H0089.wav,Mix-H,H0089.wav,9a4bab2bdc66a3e37009ee89cd45ee0cf6b9f930f95fdd2a71a4f00152be152c,0ff3213e39df1fe25bfdc1cc9a289c4b
../data/raw\Mix_extracted/Mix\H0090.wav,Mix-H,H0090.wav,48adc3e3a3e5e66f6e02cf186523692e1066dd361eaf20069a8515d00900ec67,74883c2e3259f2cc4ccdc0cf3e181f3d
../data/raw\Mix_extracted/Mix\H0091.wav,Mix-H,H0091.wav,8e26f0831bf23eaee0e31582a8346a334980eace1c384014e3248bcd12f5a306,50548776dbbda5fd029cb74f1667cf39
../data/raw\Mix_extracted/Mix\H0092.wav,Mix-H,H0092.wav,6f2917b049592feca09ef086f6e5738c39ead2d50541f4f8ecb035d1391dc6f1,7cef595ec061685e1ba993b0846f53a0
../data/raw\Mix_extracted/Mix\H0093.wav,Mix-H,H0093.wav,62de99b71aa137d721547e1c136d52d562f2699205dba84974b7dd65fb5f6b83,30f118c5d75e74e7a8acff9cf0e0ad5f
../data/raw\Mix_extracted/Mix\H0094.wav,Mix-H,H0094.wav,75c2880908609dc205961705e3c61659cb0100f2c4a4486fa980e434f045a250,7f0c0ba0c88a86c020cc956346c84d46
../data/raw\Mix_extracted/Mix\H0095.wav,Mix-H,H0095.wav,9e2474ad2e766a1da84a3af494f05736971c985efc2a3c0aab80ef42bd86bb6a,e0620a529da8719066f1ef9f0b6b0785
../data/raw\Mix_extracted/Mix\H0096.wav,Mix-H,H0096.wav,934df9a969d22e6ff6cc67420d79fb35c6b8516b9f20de66fc9c144fd0af6d0c,c58c285e709fd7a940ce4770e3dcdd9a
../data/raw\Mix_extracted/Mix\H0097.wav,Mix-H,H0097.wav,686eab0950d15feffa7bae6900c9bf591ea1ed0feba35aa6e8bb3fc796eba7fb,8bfbc31bf95a43e444481fa18046b3f2
../data/raw\Mix_extracted/Mix\H0098.wav,Mix-H,H0098.wav,90ecb009b57ea0d81cae989eff77a9647d1c22b88b5cf0d6b05a131bc8404cac,c52d8e1a9abc28e573c27af4299b8682
../data/raw\Mix_extracted/Mix\H0099.wav,Mix-H,H0099.wav,083d3d70515cc7711fad5ced0f06e4a414bb2876d60d2274f15c524ecc5c6e96,7e837e7c1526c94f14b7f3ddd8d8439b
../data/raw\Mix_extracted/Mix\H0100.wav,Mix-H,H0100.wav,a3a034d756b5bbef243f7b0a28b7b9b366de8d42b6ada0414be87412d93551f3,c33ce94cc6f322b45ab257a0cb6c03b5
../data/raw\Mix_extracted/Mix\H0101.wav,Mix-H,H0101.wav,130bc3198c44067e9cd0c4ac2822ed97b6015451b2f9083515ee5367f63425f9,721c9e209ddad4ab06141fc4de729e91
../data/raw\Mix_extracted/Mix\H0102.wav,Mix-H,H0102.wav,75ff8f1dbbfa60a1448d8f15f273bff3003816373d4ef975df6c6d7c8635f44d,459d949b48621e09cc58f548cd0e6fba
../data/raw\Mix_extracted/Mix\H0103.wav,Mix-H,H0103.wav,ac20a79f36c83ff6c29dbe3e1a10b06ca04d2a2a8772e8b6f6e21fb351338004,7c03d8e652c74120a0507306d94cc018
../data/raw\Mix_extracted/Mix\H0104.wav,Mix-H,H0104.wav,260191f3f132c026e47f08ab18c7ede9f3207c3bc26ee019d4e6888b90bf1c2f,ece7508086229af3c0a4d50e6dd1137d
../data/raw\Mix_extracted/Mix\H0105.wav,Mix-H,H0105.wav,130bc3198c44067e9cd0c4ac2822ed97b6015451b2f9083515ee5367f63425f9,721c9e209ddad4ab06141fc4de729e91
../data/raw\Mix_extracted/Mix\H0106.wav,Mix-H,H0106.wav,6d993c4c589a0cc79db882746bdecbbe24befc1a58e980b704fb7ffaf5b5ca80,ee93ea3fe51b0bd80905ba671950bdc9
../data/raw\Mix_extracted/Mix\H0107.wav,Mix-H,H0107.wav,7043f1b2c8a517913929acdc599246105978eba45920d3423e3a436dbe2254c3,cb768f7a5cefa20deb81f89c62a1f135
../data/raw\Mix_extracted/Mix\H0108.wav,Mix-H,H0108.wav,342460fdffa6f463168e1030380076eedc429c974548aaf0309aec26721a4a69,ab4496344be1c670d448ec1694d4a07d
../data/raw\Mix_extracted/Mix\H0109.wav,Mix-H,H0109.wav,d6ac85fe05136cd8b492711e7cbd1d20f5e7eb1f5c45e30b90efb828ff6a6248,af3629969419d6547eb3dbb6a7657039
../data/raw\Mix_extracted/Mix\H0110.wav,Mix-H,H0110.wav,8dcaf616ccb1aa74674c7a29f6d16e5ee91c0d5e3b2af17a5c2349481aa669de,97199eb01e55b73b2ba3e107c6445f52
../data/raw\Mix_extracted/Mix\H0111.wav,Mix-H,H0111.wav,ac20a79f36c83ff6c29dbe3e1a10b06ca04d2a2a8772e8b6f6e21fb351338004,7c03d8e652c74120a0507306d94cc018
../data/raw\Mix_extracted/Mix\H0112.wav,Mix-H,H0112.wav,3faf12768e5efec6beb1a2e9352564e8cc3077251c9a1c0dbcbde2d822aae89a,6f815489383baf9b824ca9bef5833203
../data/raw\Mix_extracted/Mix\H0113.wav,Mix-H,H0113.wav,0708a0409c0dda2c1d5d5b80fc7ce59a08567ba9bb26a3f603e29391c607e275,e578218afd1d281f0d459e6cff88c33a
../data/raw\Mix_extracted/Mix\H0114.wav,Mix-H,H0114.wav,0c8586c0e130c27690ab8899c7936923410ea5de7caf77a1ce625414154eafbb,ed42608100859ba100e51c922fad526b
../data/raw\Mix_extracted/Mix\H0115.wav,Mix-H,H0115.wav,d16353a5eaeabad19401408c817ebb0efc681fef1a9280727cbc5070c6db336d,b18c647968991d2105f657696efce33d
../data/raw\Mix_extracted/Mix\H0116.wav,Mix-H,H0116.wav,2244cdfbddb7993cea724b1f6ebd71404ba4b9f71a93a61fb90e00a408120d05,56f076ab731a0b03af900522339af578
../data/raw\Mix_extracted/Mix\H0117.wav,Mix-H,H0117.wav,55a52703700170aab00b3c77ba284806956c53bb2ecb5fb57aef45d22f43070a,8f2d43ad651866270eb8f352966bcb1e
../data/raw\Mix_extracted/Mix\H0118.wav,Mix-H,H0118.wav,a3489fc0304fa4d3726b0e2b5e910676219bc84a3f6a77586dcb8f4be95a5123,6539d28749ca8a45c32d0d1c1fce7c23
../data/raw\Mix_extracted/Mix\H0119.wav,Mix-H,H0119.wav,b95d26556628a4d9690d252b6e6a4766288e2df9a525dce4a41db3a97c34ccc2,810d9c843454fb2839b753432be72c58
../data/raw\Mix_extracted/Mix\H0120.wav,Mix-H,H0120.wav,a2d13bfd001519cb1a972c96ade909d31a59224064acbbaf83ade15aa49634fa,4370a003d740b6166e4c1ac85e464450
../data/raw\Mix_extracted/Mix\H0121.wav,Mix-H,H0121.wav,405f51125b2d439c6f952837719c881755d6df7f2357192fde52ffe10fa89665,2c6a7dbcb0981d7f226063005c126c74
../data/raw\Mix_extracted/Mix\H0122.wav,Mix-H,H0122.wav,6d993c4c589a0cc79db882746bdecbbe24befc1a58e980b704fb7ffaf5b5ca80,ee93ea3fe51b0bd80905ba671950bdc9
../data/raw\Mix_extracted/Mix\H0123.wav,Mix-H,H0123.wav,7cc5ed4feca6640f948180982b4dd6a2af3eccae5064089f56fad3be6b53fe96,d016dfbeaf94eba50ff1c26d4cf0b575
../data/raw\Mix_extracted/Mix\H0124.wav,Mix-H,H0124.wav,da2290c4e13e8497eeb53b2a5a50048dadbe89f9965376c1d7173733dab5ca5f,ce1153d50c1069af0258abebbc6739a8
../data/raw\Mix_extracted/Mix\H0125.wav,Mix-H,H0125.wav,260191f3f132c026e47f08ab18c7ede9f3207c3bc26ee019d4e6888b90bf1c2f,ece7508086229af3c0a4d50e6dd1137d
../data/raw\Mix_extracted/Mix\H0126.wav,Mix-H,H0126.wav,ac20a79f36c83ff6c29dbe3e1a10b06ca04d2a2a8772e8b6f6e21fb351338004,7c03d8e652c74120a0507306d94cc018
../data/raw\Mix_extracted/Mix\H0127.wav,Mix-H,H0127.wav,2f726202cb58008ea99e7ffcee59349b93b24d8d21024881775696a1efb66d88,b6ee3a9ae6a96776327507dfe6f4243d
../data/raw\Mix_extracted/Mix\H0128.wav,Mix-H,H0128.wav,9e7e6935baca8d4718502025b867bae1027785a6d52fc6f3bc46d2907f5f5f23,d39cce0dc95fff951c283d1d7f3c58bb
../data/raw\Mix_extracted/Mix\H0129.wav,Mix-H,H0129.wav,c73d7749bbed0d9281913e0fbdf70ed01e5c10f6e41be4d06d65d71064bf9d94,aa2c1b52c1e198766905ea02fc09d8a9
../data/raw\Mix_extracted/Mix\H0130.wav,Mix-H,H0130.wav,c1f3218b6eb105c9a1a345781dc0f71ae001094fa8b83de53f97a29eab6d4c2d,f5f3e4951075ba85e1b4f5e21ce0d0b1
../data/raw\Mix_extracted/Mix\H0131.wav,Mix-H,H0131.wav,b40f3be3088b7d9fc4b49a22e741229edd2e0650534bf86db635a6a97f17a570,c8aa93ae96d88014fbb18440575bff5d
../data/raw\Mix_extracted/Mix\H0132.wav,Mix-H,H0132.wav,e4ce9cad3f1cf4032b0a111ea4ab332b780ecf0c66a5ef42869d0f44175b8783,07d3dddae1fb324c5cdc9de0d39aa31e
../data/raw\Mix_extracted/Mix\H0133.wav,Mix-H,H0133.wav,1e44aa69ab96779a6bcaadbfa931faf88701a2f2a4f5fbae0ede995627969149,cc657bd1fe9108cafa0dfdf635466256
../data/raw\Mix_extracted/Mix\H0134.wav,Mix-H,H0134.wav,62de99b71aa137d721547e1c136d52d562f2699205dba84974b7dd65fb5f6b83,30f118c5d75e74e7a8acff9cf0e0ad5f
../data/raw\Mix_extracted/Mix\H0135.wav,Mix-H,H0135.wav,b40f3be3088b7d9fc4b49a22e741229edd2e0650534bf86db635a6a97f17a570,c8aa93ae96d88014fbb18440575bff5d
../data/raw\Mix_extracted/Mix\H0136.wav,Mix-H,H0136.wav,51088c45295ad7d52bd07a16c8d79d52eda0b168d87f6bc4eeebfd109ddea141,b12d6216a9437627a0a67fd556e4199c
../data/raw\Mix_extracted/Mix\H0137.wav,Mix-H,H0137.wav,82f4276b0dc48d189ec952659bba468b19448614167c23ad26b73663d1de546c,81af6512a3602dd86c79ef28cf56d8b4
../data/raw\Mix_extracted/Mix\H0138.wav,Mix-H,H0138.wav,c73d7749bbed0d9281913e0fbdf70ed01e5c10f6e41be4d06d65d71064bf9d94,aa2c1b52c1e198766905ea02fc09d8a9
../data/raw\Mix_extracted/Mix\H0139.wav,Mix-H,H0139.wav,e47372e6546db6426159d14f677d151e9e5d371bb2e37eba867dc0150d1f149a,bb47a0daac89ca5fa39cdf2f698222c5
../data/raw\Mix_extracted/Mix\H0140.wav,Mix-H,H0140.wav,8dcaf616ccb1aa74674c7a29f6d16e5ee91c0d5e3b2af17a5c2349481aa669de,97199eb01e55b73b2ba3e107c6445f52
../data/raw\Mix_extracted/Mix\H0141.wav,Mix-H,H0141.wav,9a2bc6fb3d86ac8ca876d15eb0043fc686629fb944b4a7256ddd6ffd97fe65e5,db3f4edce75debf97fce6613fea1d31a
../data/raw\Mix_extracted/Mix\H0142.wav,Mix-H,H0142.wav,9e7e6935baca8d4718502025b867bae1027785a6d52fc6f3bc46d2907f5f5f23,d39cce0dc95fff951c283d1d7f3c58bb
../data/raw\Mix_extracted/Mix\H0143.wav,Mix-H,H0143.wav,8dcaf616ccb1aa74674c7a29f6d16e5ee91c0d5e3b2af17a5c2349481aa669de,97199eb01e55b73b2ba3e107c6445f52
../data/raw\Mix_extracted/Mix\H0144.wav,Mix-H,H0144.wav,b7bd67d92c95e59138faabbcf3ce443da50ada4c3b298bd1c46c07adb2a938c8,d9fe8a2286b8038ee0fe92f48efffac5
../data/raw\Mix_extracted/Mix\H0145.wav,Mix-H,H0145.wav,686eab0950d15feffa7bae6900c9bf591ea1ed0feba35aa6e8bb3fc796eba7fb,8bfbc31bf95a43e444481fa18046b3f2
../data/raw\Mix_extracted/Mix\L0001.wav,Mix-L,L0001.wav,3add3455ce4f23a91b602119efa053632f462a7b1f44ced6542911dfdad25e3b,a39c113ea2cbc6e665764e9a1c0df6d2
../data/raw\Mix_extracted/Mix\L0002.wav,Mix-L,L0002.wav,012a1a39d4f38e5b08717bfb134b69e90621989c86f5e6181e307f178eb6a673,484f7d92800f4e9cf667d66b4c19faf0
../data/raw\Mix_extracted/Mix\L0003.wav,Mix-L,L0003.wav,7c7e83b21a113db5782bf07364b05002ed6818b234c9f4ed16e6c20311d82902,f6bbfaba2b70276f0181a985ecc3aece
../data/raw\Mix_extracted/Mix\L0004.wav,Mix-L,L0004.wav,e26ec24228cbe22ec35aeec5630729d0577241e80c5c5de1350e110386c3750f,fc15f2e789aa0fa33aefc9034c8a43a5
../data/raw\Mix_extracted/Mix\L0005.wav,Mix-L,L0005.wav,795ccd669ca166f78dbe709513306726a2be780730a84dbcee2637a55a45054d,bb5dff8b5a5a4f774f91d4dfbc8d44b7
../data/raw\Mix_extracted/Mix\L0006.wav,Mix-L,L0006.wav,12300fef382f42987691e0368ab18aeca2f736bd334a9bbc1f2f89522801abd2,9484962f773dfe0962d381cad326514f
../data/raw\Mix_extracted/Mix\L0007.wav,Mix-L,L0007.wav,495069be58e63de9e1eb9e9c4faa367559be25fe6c8c5ea8e8b870a1e7eb5b46,84da8d541436a31c1b61a61115e02f1f
../data/raw\Mix_extracted/Mix\L0008.wav,Mix-L,L0008.wav,d8fbd7dc6ecd28955038e55d75ab28f1006692ae9229c7988da00bf112d61451,d163320dd50adc77e5ca15522114d523
../data/raw\Mix_extracted/Mix\L0009.wav,Mix-L,L0009.wav,bc5d13efdb59f2691d0b4b08dd4357415d4badfb5254e16c282896ef666e90cd,cc3a33a693a1b1f834fbb7dc40f8a697
../data/raw\Mix_extracted/Mix\L0010.wav,Mix-L,L0010.wav,6a033c3022991a3350674c37200d6f76214d4e7580d03fbef32c12f362c54397,ca3fbd9e6a1397abcb99e55dd6f84cfd
../data/raw\Mix_extracted/Mix\L0011.wav,Mix-L,L0011.wav,050c93ed3feaa4b899a2d8cbaa0097ab2c4d68bcac223715452e0e878f1af534,191d3ad439e47a07e9edd40ced8e27f2
../data/raw\Mix_extracted/Mix\L0012.wav,Mix-L,L0012.wav,8e3ac13a2ad8cd834c9fcedcd01f194e46fc380b02c07141f01b24a834b372c3,3240060456510e8e4fd2eef2a17186f1
../data/raw\Mix_extracted/Mix\L0013.wav,Mix-L,L0013.wav,12300fef382f42987691e0368ab18aeca2f736bd334a9bbc1f2f89522801abd2,9484962f773dfe0962d381cad326514f
../data/raw\Mix_extracted/Mix\L0014.wav,Mix-L,L0014.wav,6e16fbcfbcae5accbba8bcd344b617e3e20ade4749f727e9c674b8fc74eb75f0,28653ca79e089dde090e2ade4cef877d
../data/raw\Mix_extracted/Mix\L0015.wav,Mix-L,L0015.wav,6a033c3022991a3350674c37200d6f76214d4e7580d03fbef32c12f362c54397,ca3fbd9e6a1397abcb99e55dd6f84cfd
../data/raw\Mix_extracted/Mix\L0016.wav,Mix-L,L0016.wav,602a1f583ad54188c919761d3128e334e84aadfa12f6e870f886e33f23fc2a08,605a8f8f1c784651f97a404bd4416779
../data/raw\Mix_extracted/Mix\L0017.wav,Mix-L,L0017.wav,ae5100abccff274c0aa3b159fbbec03741a3405774b4043b8b8d5421900a1627,3c2656a1584c77696807098a657cee43
../data/raw\Mix_extracted/Mix\L0018.wav,Mix-L,L0018.wav,676a83c3bb443efbe2c7ad610e53dd85f5978c8231ec0374dd9ea09fa8746e40,dda41c4a2ede30060b3fdb4761eeb1e6
../data/raw\Mix_extracted/Mix\L0019.wav,Mix-L,L0019.wav,c4cd0b01b75f025050cd8ea8432a1fe802b032c9085f1c93b91e294bfd2ec522,358e3a44cabd5cf33cbea0e48d6201ce
../data/raw\Mix_extracted/Mix\L0020.wav,Mix-L,L0020.wav,012a1a39d4f38e5b08717bfb134b69e90621989c86f5e6181e307f178eb6a673,484f7d92800f4e9cf667d66b4c19faf0
../data/raw\Mix_extracted/Mix\L0021.wav,Mix-L,L0021.wav,773c78538578c1271215c30b58b98097daa9236cf70eb53c82c84ac58a7cf59f,fe6d7cca545647ea8ec1ef108cde125b
../data/raw\Mix_extracted/Mix\L0022.wav,Mix-L,L0022.wav,da6211d11656a0a6f7eb3991f7c2b2bad92177d8db61e4482fe452291130969a,afbefeb42f366e810dac3a6abeb6993c
../data/raw\Mix_extracted/Mix\L0023.wav,Mix-L,L0023.wav,83d1e9303c7b8222c05a6cbbe908f684b2f10c7b09328177b45c49ce74648e65,4576e7bbbbc93742680b6ca98e40070d
../data/raw\Mix_extracted/Mix\L0024.wav,Mix-L,L0024.wav,f48904f36ea398723a18195dafe7f4b13016ea585292afd39919c3616372ba1b,22f0d4e0701f7268575665236692a5bc
../data/raw\Mix_extracted/Mix\L0025.wav,Mix-L,L0025.wav,12300fef382f42987691e0368ab18aeca2f736bd334a9bbc1f2f89522801abd2,9484962f773dfe0962d381cad326514f
../data/raw\Mix_extracted/Mix\L0026.wav,Mix-L,L0026.wav,516775776e1b169f2848bc3e94e70f238bc1aee66c5978347b3db411a4dd10bc,e9b3211ffe13dbbf6591033fbacc323d
../data/raw\Mix_extracted/Mix\L0027.wav,Mix-L,L0027.wav,3acf91272d720341fac1157d183a045f5ef4e971034608e6415b3ca432be7214,bc96f91d0299d621e51b2152f9781e18
../data/raw\Mix_extracted/Mix\L0028.wav,Mix-L,L0028.wav,ae5100abccff274c0aa3b159fbbec03741a3405774b4043b8b8d5421900a1627,3c2656a1584c77696807098a657cee43
../data/raw\Mix_extracted/Mix\L0029.wav,Mix-L,L0029.wav,910cc55a596630d127242d04c1c8aa4c27d7eb0b2a00b436bc8780af6753f6ec,a6230276c9145d985b0a2542b381b434
../data/raw\Mix_extracted/Mix\L0030.wav,Mix-L,L0030.wav,12300fef382f42987691e0368ab18aeca2f736bd334a9bbc1f2f89522801abd2,9484962f773dfe0962d381cad326514f
../data/raw\Mix_extracted/Mix\L0031.wav,Mix-L,L0031.wav,342460fdffa6f463168e1030380076eedc429c974548aaf0309aec26721a4a69,ab4496344be1c670d448ec1694d4a07d
../data/raw\Mix_extracted/Mix\L0032.wav,Mix-L,L0032.wav,6850efa827a3fdfaf27b5c12418330e993b391fdf1ac1698bf24fd07057d5f27,d57892e1bee041e437c3db12a0e01faf
../data/raw\Mix_extracted/Mix\L0033.wav,Mix-L,L0033.wav,36fae8a26c7f2d48e4ff6c4a3a585869c0eb28e830ad30e1f22882e74e1b4709,5f76612b9812958d711d4e3f017aa5e4
../data/raw\Mix_extracted/Mix\L0034.wav,Mix-L,L0034.wav,ae5100abccff274c0aa3b159fbbec03741a3405774b4043b8b8d5421900a1627,3c2656a1584c77696807098a657cee43
../data/raw\Mix_extracted/Mix\L0035.wav,Mix-L,L0035.wav,fff0e2ec049da356ad9767b85df0c054c8a393340c6e7d608e70518d76182925,7fc3f17b37471176b97636e9c1a4fee4
../data/raw\Mix_extracted/Mix\L0036.wav,Mix-L,L0036.wav,c138fdea9a74dbb2884eaca5f8f25a098c6ea30d3edf0d51e825cbb6424ac38c,fb58451f9394001eaadd7cd4781b3960
../data/raw\Mix_extracted/Mix\L0037.wav,Mix-L,L0037.wav,05a9b7a07e9b7c6f3ae59d05a722b9c64073eaa677bf1ca45d91efd5551b3861,10c0a6572e4fdc6baaa9ec4a39120831
../data/raw\Mix_extracted/Mix\L0038.wav,Mix-L,L0038.wav,05a9b7a07e9b7c6f3ae59d05a722b9c64073eaa677bf1ca45d91efd5551b3861,10c0a6572e4fdc6baaa9ec4a39120831
../data/raw\Mix_extracted/Mix\L0039.wav,Mix-L,L0039.wav,3401b9b9886a750e8cd12a0674341925b9bb98e846c73ddf2d75c6e316c670b7,8a0e78d8d1129f20ab19287a2fcbd811
../data/raw\Mix_extracted/Mix\L0040.wav,Mix-L,L0040.wav,35846bbc95e8f9069117a59d1df4374680f0715c6e314f4681b0362cd301716f,865d2a795ab365b748d7c76dbdb0799e
../data/raw\Mix_extracted/Mix\L0041.wav,Mix-L,L0041.wav,d8e585f2e6c325deb607c0e3d299b135f23fbc36dff245b787562a6b26baf438,5af36b9b677b8496a5a57683ad4b3605
../data/raw\Mix_extracted/Mix\L0042.wav,Mix-L,L0042.wav,34a9a237eeef5c6f1411836eb86f10ce638c89ac249e91de041e9085d41afe79,6051b4f3d970e06ea9ebe19318a7f3bd
../data/raw\Mix_extracted/Mix\L0043.wav,Mix-L,L0043.wav,ca842287aea040fcc1a2b3d5da912cdf482668a8d4d30812201680dda08da688,d84e0680a5f611c7253b31ca859cb2c2
../data/raw\Mix_extracted/Mix\L0044.wav,Mix-L,L0044.wav,ae5100abccff274c0aa3b159fbbec03741a3405774b4043b8b8d5421900a1627,3c2656a1584c77696807098a657cee43
../data/raw\Mix_extracted/Mix\L0045.wav,Mix-L,L0045.wav,a7394eb73eeeb0d43bf497be9846b8a51f112f609be8c29a5b91da7bc1d80f12,2c6723216e24ecff055e23ace278c6fd
../data/raw\Mix_extracted/Mix\L0046.wav,Mix-L,L0046.wav,d8e585f2e6c325deb607c0e3d299b135f23fbc36dff245b787562a6b26baf438,5af36b9b677b8496a5a57683ad4b3605
../data/raw\Mix_extracted/Mix\L0047.wav,Mix-L,L0047.wav,0c48d8bb8ee6d94a8bc0709c260f75355c52e8398f9728a5c8b07d0c75ccfed0,2a1726ec95ac5c950620e8c826b30f4b
../data/raw\Mix_extracted/Mix\L0048.wav,Mix-L,L0048.wav,35982fd94e552f1559b553bf0853e724dcbae4a80d981447487d15b8967fa1a0,759f4cc3e2a83e2f8266a79d1b87e063
../data/raw\Mix_extracted/Mix\L0049.wav,Mix-L,L0049.wav,e1f3b9a5190882c3f544191b4062d7f7948708348eeff8892afe9b69d30487f0,d6dee879ce1fc86bca31df7c981d55c9
../data/raw\Mix_extracted/Mix\L0050.wav,Mix-L,L0050.wav,f48904f36ea398723a18195dafe7f4b13016ea585292afd39919c3616372ba1b,22f0d4e0701f7268575665236692a5bc
../data/raw\Mix_extracted/Mix\L0051.wav,Mix-L,L0051.wav,1ba22da1f72f00a382f854065cb8f7cce39f3a155335275cb01023fa9c7e940a,e09146311b0f1682fd7c4d697ea1df8a
../data/raw\Mix_extracted/Mix\L0052.wav,Mix-L,L0052.wav,910cc55a596630d127242d04c1c8aa4c27d7eb0b2a00b436bc8780af6753f6ec,a6230276c9145d985b0a2542b381b434
../data/raw\Mix_extracted/Mix\L0053.wav,Mix-L,L0053.wav,a6da5ca34cf4422fcf858f37dd1fcd4f81779c62bc71de81a1c05c22a01a0046,6039245a6133fe88a1ca91b1dbb41d94
../data/raw\Mix_extracted/Mix\L0054.wav,Mix-L,L0054.wav,27f83d63b5eb7280b8121764b4a051ea23dfd31c866724fb2ab052ed9e9c296c,42adf288c50d5cc9bec519b96bbab450
../data/raw\Mix_extracted/Mix\L0055.wav,Mix-L,L0055.wav,342460fdffa6f463168e1030380076eedc429c974548aaf0309aec26721a4a69,ab4496344be1c670d448ec1694d4a07d
../data/raw\Mix_extracted/Mix\L0056.wav,Mix-L,L0056.wav,3add3455ce4f23a91b602119efa053632f462a7b1f44ced6542911dfdad25e3b,a39c113ea2cbc6e665764e9a1c0df6d2
../data/raw\Mix_extracted/Mix\L0057.wav,Mix-L,L0057.wav,7087bb3226bdf547ff684e922bce4936fdf34196d09fed90e7d37248ce273db1,0ca587a674acba4413426e4e96c0708a
../data/raw\Mix_extracted/Mix\L0058.wav,Mix-L,L0058.wav,ec405e3467c2466cd70f2941b1811ba3df75e98a9203c84cc848fd22e33e23a2,da207e09e58f92cf782ecf5be366a30c
../data/raw\Mix_extracted/Mix\L0059.wav,Mix-L,L0059.wav,c1e9a95d49daef0b5e7ca34c69482ccec604b241aa3ab2fcf160e38139a555de,ba845f87b339b4ba82f621856dea3312
../data/raw\Mix_extracted/Mix\L0060.wav,Mix-L,L0060.wav,f3faa92fd750f9b37ecd0de60fdb13d6ddf3ca45702c0c8db985ef17eb468cb9,2720252f684b7663e8b8984d5f7748c4
../data/raw\Mix_extracted/Mix\L0061.wav,Mix-L,L0061.wav,9e38d3363c11e889b8d2e0afd1069429cc45645f060dff130dabf937451cfae4,ea8c309b17b6c3784d808e3f2e709e49
../data/raw\Mix_extracted/Mix\L0062.wav,Mix-L,L0062.wav,ccc82265641fd77cfd43f967ac3648a39a86008475207c7c5c723a26bc4af188,9e7bef45d64a030f4ffc8c352b74158d
../data/raw\Mix_extracted/Mix\L0063.wav,Mix-L,L0063.wav,fccae1b07d47f51ff61bd7786643f99d3982b36f1d651f707eb2a78dcd15795f,aedc391be40fad147bd260a6a680f92b
../data/raw\Mix_extracted/Mix\L0064.wav,Mix-L,L0064.wav,d7f37d4dbf0c88fa59ddc4764c4cda750020a00e0505b32556ea863d277a618f,c52733001be48c0f364e796ab6a3c307
../data/raw\Mix_extracted/Mix\L0065.wav,Mix-L,L0065.wav,495069be58e63de9e1eb9e9c4faa367559be25fe6c8c5ea8e8b870a1e7eb5b46,84da8d541436a31c1b61a61115e02f1f
../data/raw\Mix_extracted/Mix\L0066.wav,Mix-L,L0066.wav,05a9b7a07e9b7c6f3ae59d05a722b9c64073eaa677bf1ca45d91efd5551b3861,10c0a6572e4fdc6baaa9ec4a39120831
../data/raw\Mix_extracted/Mix\L0067.wav,Mix-L,L0067.wav,045b76378f295250d4507d50c67824e6855cecf3ae8e1a0d1381c74aeaa5e122,210ebd77f9bf673be23ea19fb52558e5
../data/raw\Mix_extracted/Mix\L0068.wav,Mix-L,L0068.wav,795ccd669ca166f78dbe709513306726a2be780730a84dbcee2637a55a45054d,bb5dff8b5a5a4f774f91d4dfbc8d44b7
../data/raw\Mix_extracted/Mix\L0069.wav,Mix-L,L0069.wav,8a4f778e61654cde0ee53d3a61dae94ebdbc45c2fdfcea6c144ace86bc91d75d,9d69fbe2b3466431b33e1d7cf1377143
../data/raw\Mix_extracted/Mix\L0070.wav,Mix-L,L0070.wav,e3416021c0bf5eb37790422b283eb3afe8a30167d36c3260d56523901641d41b,74491af17804c832e4c35e311a3bd826
../data/raw\Mix_extracted/Mix\L0071.wav,Mix-L,L0071.wav,ec405e3467c2466cd70f2941b1811ba3df75e98a9203c84cc848fd22e33e23a2,da207e09e58f92cf782ecf5be366a30c
../data/raw\Mix_extracted/Mix\L0072.wav,Mix-L,L0072.wav,d7f37d4dbf0c88fa59ddc4764c4cda750020a00e0505b32556ea863d277a618f,c52733001be48c0f364e796ab6a3c307
../data/raw\Mix_extracted/Mix\L0073.wav,Mix-L,L0073.wav,6e0f8aa93a9ab8b8b1b6f18a7026cb8b3b516e6f5984353d40a3eff38c21083d,10890f8e27c64a9b072a4fbb65bb9980
../data/raw\Mix_extracted/Mix\L0074.wav,Mix-L,L0074.wav,f70929d2cff4d43f2081c800d34d79600b05b7be48942bf2341d90ee7a42eba8,5ed33970039e3af32c9287b565056754
../data/raw\Mix_extracted/Mix\L0075.wav,Mix-L,L0075.wav,516775776e1b169f2848bc3e94e70f238bc1aee66c5978347b3db411a4dd10bc,e9b3211ffe13dbbf6591033fbacc323d
../data/raw\Mix_extracted/Mix\L0076.wav,Mix-L,L0076.wav,7993a1fc2441a177914b885e9f67d270124b4393c2fc914aedc8b099e8e460af,79a9c16574240709686a60ea95393c2d
../data/raw\Mix_extracted/Mix\L0077.wav,Mix-L,L0077.wav,045b76378f295250d4507d50c67824e6855cecf3ae8e1a0d1381c74aeaa5e122,210ebd77f9bf673be23ea19fb52558e5
../data/raw\Mix_extracted/Mix\L0078.wav,Mix-L,L0078.wav,35684faf15c46f643bb036f13a574fb52008b19f0021f13b93ecae45d48c601d,7e3e88767a4b4d7a669ba7e58a26397e
../data/raw\Mix_extracted/Mix\L0079.wav,Mix-L,L0079.wav,8d007d478694ac59876e7982c6321d076075ac9ddd30451c1f33be46f7d7e49c,527fbb0c53556e22439042da93e94f4d
../data/raw\Mix_extracted/Mix\L0080.wav,Mix-L,L0080.wav,516775776e1b169f2848bc3e94e70f238bc1aee66c5978347b3db411a4dd10bc,e9b3211ffe13dbbf6591033fbacc323d
../data/raw\Mix_extracted/Mix\L0081.wav,Mix-L,L0081.wav,817fcac7f49756861e130e0a932fd3dcd29491b06c3fb31a28089102e0b85a3f,0ecee1826e7f010fe395a488d7cd7a1c
../data/raw\Mix_extracted/Mix\L0082.wav,Mix-L,L0082.wav,a7394eb73eeeb0d43bf497be9846b8a51f112f609be8c29a5b91da7bc1d80f12,2c6723216e24ecff055e23ace278c6fd
../data/raw\Mix_extracted/Mix\L0083.wav,Mix-L,L0083.wav,ca842287aea040fcc1a2b3d5da912cdf482668a8d4d30812201680dda08da688,d84e0680a5f611c7253b31ca859cb2c2
../data/raw\Mix_extracted/Mix\L0084.wav,Mix-L,L0084.wav,7c7e83b21a113db5782bf07364b05002ed6818b234c9f4ed16e6c20311d82902,f6bbfaba2b70276f0181a985ecc3aece
../data/raw\Mix_extracted/Mix\L0085.wav,Mix-L,L0085.wav,717c411f1bfdd93a2c1b3620d518d1955ddd965f8b5e2acd222c45d852f2fe42,27debea1c54d1fa65e3c60633e864f3f
../data/raw\Mix_extracted/Mix\L0086.wav,Mix-L,L0086.wav,f3faa92fd750f9b37ecd0de60fdb13d6ddf3ca45702c0c8db985ef17eb468cb9,2720252f684b7663e8b8984d5f7748c4
../data/raw\Mix_extracted/Mix\L0087.wav,Mix-L,L0087.wav,773c78538578c1271215c30b58b98097daa9236cf70eb53c82c84ac58a7cf59f,fe6d7cca545647ea8ec1ef108cde125b
../data/raw\Mix_extracted/Mix\L0088.wav,Mix-L,L0088.wav,35846bbc95e8f9069117a59d1df4374680f0715c6e314f4681b0362cd301716f,865d2a795ab365b748d7c76dbdb0799e
../data/raw\Mix_extracted/Mix\L0089.wav,Mix-L,L0089.wav,3401b9b9886a750e8cd12a0674341925b9bb98e846c73ddf2d75c6e316c670b7,8a0e78d8d1129f20ab19287a2fcbd811
../data/raw\Mix_extracted/Mix\L0090.wav,Mix-L,L0090.wav,e1f3b9a5190882c3f544191b4062d7f7948708348eeff8892afe9b69d30487f0,d6dee879ce1fc86bca31df7c981d55c9
../data/raw\Mix_extracted/Mix\L0091.wav,Mix-L,L0091.wav,ec405e3467c2466cd70f2941b1811ba3df75e98a9203c84cc848fd22e33e23a2,da207e09e58f92cf782ecf5be366a30c
../data/raw\Mix_extracted/Mix\L0092.wav,Mix-L,L0092.wav,47e43fcc4b8def65579346e87a579db928a97b1fe21db5981cbf3cf5ead02266,7bff6260f4c0dc50d5ed84b0776fce3c
../data/raw\Mix_extracted/Mix\L0093.wav,Mix-L,L0093.wav,773c78538578c1271215c30b58b98097daa9236cf70eb53c82c84ac58a7cf59f,fe6d7cca545647ea8ec1ef108cde125b
../data/raw\Mix_extracted/Mix\L0094.wav,Mix-L,L0094.wav,35846bbc95e8f9069117a59d1df4374680f0715c6e314f4681b0362cd301716f,865d2a795ab365b748d7c76dbdb0799e
../data/raw\Mix_extracted/Mix\L0095.wav,Mix-L,L0095.wav,050c93ed3feaa4b899a2d8cbaa0097ab2c4d68bcac223715452e0e878f1af534,191d3ad439e47a07e9edd40ced8e27f2
../data/raw\Mix_extracted/Mix\L0096.wav,Mix-L,L0096.wav,5899c231c6d826a98e2ec7728ba8b2bbdacd4029b06f6e4e071f0035c4dea701,d9356cc1a7a33ed2757624e722a53c82
../data/raw\Mix_extracted/Mix\L0097.wav,Mix-L,L0097.wav,b336e966f23a1fd8bf1bb80a78cbb504e041964b5dea1ece8da264517fc629a8,e943a1218fdb8913a012ba5a5c56f528
../data/raw\Mix_extracted/Mix\L0098.wav,Mix-L,L0098.wav,f48904f36ea398723a18195dafe7f4b13016ea585292afd39919c3616372ba1b,22f0d4e0701f7268575665236692a5bc
../data/raw\Mix_extracted/Mix\L0099.wav,Mix-L,L0099.wav,795ccd669ca166f78dbe709513306726a2be780730a84dbcee2637a55a45054d,bb5dff8b5a5a4f774f91d4dfbc8d44b7
../data/raw\Mix_extracted/Mix\L0100.wav,Mix-L,L0100.wav,a6da5ca34cf4422fcf858f37dd1fcd4f81779c62bc71de81a1c05c22a01a0046,6039245a6133fe88a1ca91b1dbb41d94
../data/raw\Mix_extracted/Mix\L0101.wav,Mix-L,L0101.wav,676a83c3bb443efbe2c7ad610e53dd85f5978c8231ec0374dd9ea09fa8746e40,dda41c4a2ede30060b3fdb4761eeb1e6
../data/raw\Mix_extracted/Mix\L0102.wav,Mix-L,L0102.wav,c1e9a95d49daef0b5e7ca34c69482ccec604b241aa3ab2fcf160e38139a555de,ba845f87b339b4ba82f621856dea3312
../data/raw\Mix_extracted/Mix\L0103.wav,Mix-L,L0103.wav,66631c4fd6c083a85fe29340515dbb4b97646f788ce94d6aee584b9e07e3b6cb,e71075004c8c62726aa7923090e0a068
../data/raw\Mix_extracted/Mix\L0104.wav,Mix-L,L0104.wav,36fae8a26c7f2d48e4ff6c4a3a585869c0eb28e830ad30e1f22882e74e1b4709,5f76612b9812958d711d4e3f017aa5e4
../data/raw\Mix_extracted/Mix\L0105.wav,Mix-L,L0105.wav,27f83d63b5eb7280b8121764b4a051ea23dfd31c866724fb2ab052ed9e9c296c,42adf288c50d5cc9bec519b96bbab450
../data/raw\Mix_extracted/Mix\L0106.wav,Mix-L,L0106.wav,e1f3b9a5190882c3f544191b4062d7f7948708348eeff8892afe9b69d30487f0,d6dee879ce1fc86bca31df7c981d55c9
../data/raw\Mix_extracted/Mix\L0107.wav,Mix-L,L0107.wav,ca842287aea040fcc1a2b3d5da912cdf482668a8d4d30812201680dda08da688,d84e0680a5f611c7253b31ca859cb2c2
../data/raw\Mix_extracted/Mix\L0108.wav,Mix-L,L0108.wav,6e16fbcfbcae5accbba8bcd344b617e3e20ade4749f727e9c674b8fc74eb75f0,28653ca79e089dde090e2ade4cef877d
../data/raw\Mix_extracted/Mix\L0109.wav,Mix-L,L0109.wav,4cb7d9feefd0e8656e649e015a0b6f658ebcae65b461eabdb13868f6c0e6f0dc,d12b35b238b2f12500a2576684e3a5c5
../data/raw\Mix_extracted/Mix\L0110.wav,Mix-L,L0110.wav,012a1a39d4f38e5b08717bfb134b69e90621989c86f5e6181e307f178eb6a673,484f7d92800f4e9cf667d66b4c19faf0
../data/raw\Mix_extracted/Mix\L0111.wav,Mix-L,L0111.wav,9abfb764cde2e2f9151e07694b354655bc386c4c13fb1a63450aaa2c82e1fd7f,2edd63fb2d7154c2efe2df05aa348c90
../data/raw\Mix_extracted/Mix\L0112.wav,Mix-L,L0112.wav,c5b652830b5302016fb2be3003bcb420415843d1fa8ef870c9a79e53920471f2,10c12124aaf454c58f6b6d4e47fae058
../data/raw\Mix_extracted/Mix\L0113.wav,Mix-L,L0113.wav,abcfdd694638d1cf4f728e7b71db7f2729e9dc45b313c7e0944eb311c4ccac52,0c00593d588bc4b5f47607cf79eac307
../data/raw\Mix_extracted/Mix\L0114.wav,Mix-L,L0114.wav,7730efe789b1e6595b6cd7f94945cf62b737d56fc240b1cd8108c08a68604cc4,138351f2bfc56af2cc9d066c0c58090e
../data/raw\Mix_extracted/Mix\L0115.wav,Mix-L,L0115.wav,6c9fdb5ca7917bf64b2009ecdb764f85ac18c62ebb408b67a5f6be83618932a8,68be8d2c238e70502e1861ae333f36df
../data/raw\Mix_extracted/Mix\L0116.wav,Mix-L,L0116.wav,52919c331ac75decc13f3807cd9ff4f2635bd5e143e2fb0db08b989e3c53fff8,5029a44d965235d66ba8fdc338ff73df
../data/raw\Mix_extracted/Mix\L0117.wav,Mix-L,L0117.wav,763508c72b054c769b83be7b42df01c3fc17e710aaabffa67a4e61885f44da42,e15e0158607940ff194558964bf3ea8a
../data/raw\Mix_extracted/Mix\L0118.wav,Mix-L,L0118.wav,da6211d11656a0a6f7eb3991f7c2b2bad92177d8db61e4482fe452291130969a,afbefeb42f366e810dac3a6abeb6993c
../data/raw\Mix_extracted/Mix\L0119.wav,Mix-L,L0119.wav,7730efe789b1e6595b6cd7f94945cf62b737d56fc240b1cd8108c08a68604cc4,138351f2bfc56af2cc9d066c0c58090e
../data/raw\Mix_extracted/Mix\L0120.wav,Mix-L,L0120.wav,4cb7d9feefd0e8656e649e015a0b6f658ebcae65b461eabdb13868f6c0e6f0dc,d12b35b238b2f12500a2576684e3a5c5
../data/raw\Mix_extracted/Mix\L0121.wav,Mix-L,L0121.wav,66631c4fd6c083a85fe29340515dbb4b97646f788ce94d6aee584b9e07e3b6cb,e71075004c8c62726aa7923090e0a068
../data/raw\Mix_extracted/Mix\L0122.wav,Mix-L,L0122.wav,1ba22da1f72f00a382f854065cb8f7cce39f3a155335275cb01023fa9c7e940a,e09146311b0f1682fd7c4d697ea1df8a
../data/raw\Mix_extracted/Mix\L0123.wav,Mix-L,L0123.wav,f3faa92fd750f9b37ecd0de60fdb13d6ddf3ca45702c0c8db985ef17eb468cb9,2720252f684b7663e8b8984d5f7748c4
../data/raw\Mix_extracted/Mix\L0124.wav,Mix-L,L0124.wav,676a83c3bb443efbe2c7ad610e53dd85f5978c8231ec0374dd9ea09fa8746e40,dda41c4a2ede30060b3fdb4761eeb1e6
../data/raw\Mix_extracted/Mix\L0125.wav,Mix-L,L0125.wav,7c7e83b21a113db5782bf07364b05002ed6818b234c9f4ed16e6c20311d82902,f6bbfaba2b70276f0181a985ecc3aece
../data/raw\Mix_extracted/Mix\L0126.wav,Mix-L,L0126.wav,9abfb764cde2e2f9151e07694b354655bc386c4c13fb1a63450aaa2c82e1fd7f,2edd63fb2d7154c2efe2df05aa348c90
../data/raw\Mix_extracted/Mix\L0127.wav,Mix-L,L0127.wav,66631c4fd6c083a85fe29340515dbb4b97646f788ce94d6aee584b9e07e3b6cb,e71075004c8c62726aa7923090e0a068
../data/raw\Mix_extracted/Mix\L0128.wav,Mix-L,L0128.wav,795ccd669ca166f78dbe709513306726a2be780730a84dbcee2637a55a45054d,bb5dff8b5a5a4f774f91d4dfbc8d44b7
../data/raw\Mix_extracted/Mix\L0129.wav,Mix-L,L0129.wav,7730efe789b1e6595b6cd7f94945cf62b737d56fc240b1cd8108c08a68604cc4,138351f2bfc56af2cc9d066c0c58090e
../data/raw\Mix_extracted/Mix\L0130.wav,Mix-L,L0130.wav,05a9b7a07e9b7c6f3ae59d05a722b9c64073eaa677bf1ca45d91efd5551b3861,10c0a6572e4fdc6baaa9ec4a39120831
../data/raw\Mix_extracted/Mix\L0131.wav,Mix-L,L0131.wav,342460fdffa6f463168e1030380076eedc429c974548aaf0309aec26721a4a69,ab4496344be1c670d448ec1694d4a07d
../data/raw\Mix_extracted/Mix\L0132.wav,Mix-L,L0132.wav,bc5d13efdb59f2691d0b4b08dd4357415d4badfb5254e16c282896ef666e90cd,cc3a33a693a1b1f834fbb7dc40f8a697
../data/raw\Mix_extracted/Mix\L0133.wav,Mix-L,L0133.wav,a7394eb73eeeb0d43bf497be9846b8a51f112f609be8c29a5b91da7bc1d80f12,2c6723216e24ecff055e23ace278c6fd
../data/raw\Mix_extracted/Mix\L0134.wav,Mix-L,L0134.wav,7c7e83b21a113db5782bf07364b05002ed6818b234c9f4ed16e6c20311d82902,f6bbfaba2b70276f0181a985ecc3aece
../data/raw\Mix_extracted/Mix\L0135.wav,Mix-L,L0135.wav,83d1e9303c7b8222c05a6cbbe908f684b2f10c7b09328177b45c49ce74648e65,4576e7bbbbc93742680b6ca98e40070d
../data/raw\Mix_extracted/Mix\L0136.wav,Mix-L,L0136.wav,27f83d63b5eb7280b8121764b4a051ea23dfd31c866724fb2ab052ed9e9c296c,42adf288c50d5cc9bec519b96bbab450
../data/raw\Mix_extracted/Mix\L0137.wav,Mix-L,L0137.wav,a7394eb73eeeb0d43bf497be9846b8a51f112f609be8c29a5b91da7bc1d80f12,2c6723216e24ecff055e23ace278c6fd
../data/raw\Mix_extracted/Mix\L0138.wav,Mix-L,L0138.wav,73a7070b2a33aca15376bd7d802e6b581308d43e258e9249f3fb9065d3622c6f,9607ad5b7fdf3966c2f832906a4df7c0
../data/raw\Mix_extracted/Mix\L0139.wav,Mix-L,L0139.wav,3401b9b9886a750e8cd12a0674341925b9bb98e846c73ddf2d75c6e316c670b7,8a0e78d8d1129f20ab19287a2fcbd811
../data/raw\Mix_extracted/Mix\L0140.wav,Mix-L,L0140.wav,012a1a39d4f38e5b08717bfb134b69e90621989c86f5e6181e307f178eb6a673,484f7d92800f4e9cf667d66b4c19faf0
../data/raw\Mix_extracted/Mix\L0141.wav,Mix-L,L0141.wav,7730efe789b1e6595b6cd7f94945cf62b737d56fc240b1cd8108c08a68604cc4,138351f2bfc56af2cc9d066c0c58090e
../data/raw\Mix_extracted/Mix\L0142.wav,Mix-L,L0142.wav,35684faf15c46f643bb036f13a574fb52008b19f0021f13b93ecae45d48c601d,7e3e88767a4b4d7a669ba7e58a26397e
../data/raw\Mix_extracted/Mix\L0143.wav,Mix-L,L0143.wav,9aff30a6000fcc22b5b879ed83df2fa8089600e7ff8476d126d0f248dbf9c372,c8e0e5c3143c21b022befde925589aed
../data/raw\Mix_extracted/Mix\L0144.wav,Mix-L,L0144.wav,e3416021c0bf5eb37790422b283eb3afe8a30167d36c3260d56523901641d41b,74491af17804c832e4c35e311a3bd826
../data/raw\Mix_extracted/Mix\L0145.wav,Mix-L,L0145.wav,35684faf15c46f643bb036f13a574fb52008b19f0021f13b93ecae45d48c601d,7e3e88767a4b4d7a669ba7e58a26397e
../data/raw\Mix_extracted/Mix\M0001.wav,Mix-M,M0001.wav,8e0efd28aaf89f7efbd8107805a74bd837bcc70ea3dc4b4b783eff0e6a220616,0afbb7c876d83e1bc0e3228f790d1114
../data/raw\Mix_extracted/Mix\M0002.wav,Mix-M,M0002.wav,88d9be33e1f37e27dc8b20e87e34fd80712a792dff5a92b2c5cfd95475c1f388,abdacf5ee9741adb1838aa6726a9075a
../data/raw\Mix_extracted/Mix\M0003.wav,Mix-M,M0003.wav,64b66124aa3571223666dc2c337602f3b293fd4bd579c0b8291ff6f9d6c562c7,f48bdb692cf86520fc617b7687e41ce9
../data/raw\Mix_extracted/Mix\M0004.wav,Mix-M,M0004.wav,a1710a919287ca8da536121302c98834632aa24931332b7da2543347d636fd96,cad70b57b79c75ee912b476ed6c2ed7a
../data/raw\Mix_extracted/Mix\M0005.wav,Mix-M,M0005.wav,ab5b5fa88f88471147005fffb0d8a400040098d9eb55f12d5522989bc902999f,bf819ca09119c4a644eba6c796708f4a
../data/raw\Mix_extracted/Mix\M0006.wav,Mix-M,M0006.wav,283628097b0efb3a195aaf5bdd837ad50f86c480abdbee29a303decc9df815dc,7a7084a09a1675c0d707222194bacd18
../data/raw\Mix_extracted/Mix\M0007.wav,Mix-M,M0007.wav,61e8aa2dd0d9bd162af50df7b16b85b4f3c29294ca41b167ad54b79d329f0fed,57e43afecc20793e0e50683ba5b61539
../data/raw\Mix_extracted/Mix\M0008.wav,Mix-M,M0008.wav,360e8d95f04dceea2736586912eae86972330f2dfadefde8e077b80d6d447cfb,13ef3124f313431c33374ee6529a3795
../data/raw\Mix_extracted/Mix\M0009.wav,Mix-M,M0009.wav,261427ad2b174b81afe0d5e904c6e92eab69cc3a8cec10a840a041e9e84ee29d,567db92ded8a3495a12432342a9fb92f
../data/raw\Mix_extracted/Mix\M0010.wav,Mix-M,M0010.wav,bd86f87c82fe384af3edbe6f1af57358d4c38b969055e6cc213c8c1b85d8950b,eabfbcc96ff878ed42d1df3ce076ca13
../data/raw\Mix_extracted/Mix\M0011.wav,Mix-M,M0011.wav,f67c2e00075f912635272294c9ad195a282876b8f0ef35be52a6099cce29ce90,37cf37ababf2fd541972599aa28216f7
../data/raw\Mix_extracted/Mix\M0012.wav,Mix-M,M0012.wav,f9617fa6e24757c1ad43768daf53dc64ea95cca0f569e591c485f638bdcd1c21,04ca86f018e82249032a05d313adef2f
../data/raw\Mix_extracted/Mix\M0013.wav,Mix-M,M0013.wav,93fa0baed44b2ca35d31d25f128de90d8c689b3e18033d9968e68db5d04be0f2,11a1cda1d58685f6304af5216e3fa604
../data/raw\Mix_extracted/Mix\M0014.wav,Mix-M,M0014.wav,70908a65495bee7671f21799c37c901624fe203e380f0d59e858e9148a803b55,623624627294adba2c637b2f8ba14fc2
../data/raw\Mix_extracted/Mix\M0015.wav,Mix-M,M0015.wav,15f9cb2f4bb4c1d6e827bceda7b6fad2cef4aa9fd51644a7aa7a2d00196aec8e,cd3ea79fb90a3562da6469d3a3e04f67
../data/raw\Mix_extracted/Mix\M0016.wav,Mix-M,M0016.wav,8372b36679321f98c23d7dfad1265df158a9e4c735dc7b357fe4b6e3416b2a75,97acc48c13f7f631d5ed82fb009ced71
../data/raw\Mix_extracted/Mix\M0017.wav,Mix-M,M0017.wav,8012481709c68b04dc5696204745eb62ba2a238f7b83386cd4f0a87b0fe207e5,8843f034ed741f75afa6ea359404957e
../data/raw\Mix_extracted/Mix\M0018.wav,Mix-M,M0018.wav,f715b6a4edb982b48387a2794bd8f4db7d5e41549a60b981b5ecfdee23409ea8,0c024189d84da53d8d3eb8fc6e7d2bb3
../data/raw\Mix_extracted/Mix\M0019.wav,Mix-M,M0019.wav,5068d5c51bd885a3907b456937fbe7ee5a5d2de6f065d35e182f5ccabd5a1f74,ba1d5662a4308a95a5eef27221cb35e7
../data/raw\Mix_extracted/Mix\M0020.wav,Mix-M,M0020.wav,982c679e288056a5f2f22f51c7a3a6e0454d9f9de3bd44c76b0c2fdf3f323d3a,0b6031f5372297647b4bd59ec9d1813d
../data/raw\Mix_extracted/Mix\M0021.wav,Mix-M,M0021.wav,0477d074d821cd3c91a046b8a410d9faba5240813be5da34e6819f2b6ad0a17a,abc1f2764b6723e4216ec0b55cac05ad
../data/raw\Mix_extracted/Mix\M0022.wav,Mix-M,M0022.wav,b2d90bcad0afbc99f8e5bf177dd4f56fe60258e7e619528c3fa88c333f35d39b,547395a9ab81386800e03f49d29f5b4f
../data/raw\Mix_extracted/Mix\M0023.wav,Mix-M,M0023.wav,2c199996f2d02d5a5034071f80078056beb7a94e396fd631c9215fd976178e7e,44c46ecd6abef9a909447ae72ee3b66f
../data/raw\Mix_extracted/Mix\M0024.wav,Mix-M,M0024.wav,b50fd0bc73cd5d7e0eaf47370940e7df22515171e43c4fd613ddbdf63dd2307e,b48e262de921be11df869cb37068a92e
../data/raw\Mix_extracted/Mix\M0025.wav,Mix-M,M0025.wav,d2d78aa91f6d097003dbe95e7d296cdc2136ccd951bdec9873651ac342f6d1e9,079572bbcc2dc7b03878fc03d77119fe
../data/raw\Mix_extracted/Mix\M0026.wav,Mix-M,M0026.wav,de5468ff1d8434e35de516e3cdbd674ef6612cb9f2266ae76712333a18b5923a,428043fe7178326fdc910621a27d0151
../data/raw\Mix_extracted/Mix\M0027.wav,Mix-M,M0027.wav,ace5e3fec20aff0c33ec7355aa047aa1c21faade8de8743c8f002814c240bdd3,f75d10b71c1e4ba934dc16e8c1573814
../data/raw\Mix_extracted/Mix\M0028.wav,Mix-M,M0028.wav,ef50c12592fbff4169cbda9f009a6fc25e1c3e5f84afd2af321919010816ddac,71fa3d964af14eff1794e62869f25fe2
../data/raw\Mix_extracted/Mix\M0029.wav,Mix-M,M0029.wav,f89edc9b8292de21d05ab3755bcb4b4d5581e1d73abcfd44327447771c3d8b2f,735088d87b15901d518dd0a22495f2cc
../data/raw\Mix_extracted/Mix\M0030.wav,Mix-M,M0030.wav,60c48a59fa92b45c34a5e9086c08b6d97f16c5fceae523788f35e8477ef37a4c,5faccba07d6f5ecfc616b8dc963df31b
../data/raw\Mix_extracted/Mix\M0031.wav,Mix-M,M0031.wav,30c6f0dbe9910d17d99212172e56cceeeb92d14fa666ddd2a7a5f59ece16b0c6,4e406af235b724be7a03dfe0d1b64ccb
../data/raw\Mix_extracted/Mix\M0032.wav,Mix-M,M0032.wav,936f4d81e83d9f6c785d30c09435380597f3e491e4a380f45462dc78fb66a0c7,7215e5f298fd846dd82a8ae318f3c445
../data/raw\Mix_extracted/Mix\M0033.wav,Mix-M,M0033.wav,736fe0d5b50d6d83231e7446812b962eeb85b98fa3c242fe283df5189eaa84a3,cde5668f9c7d0f1eacdf5aaf18f88522
../data/raw\Mix_extracted/Mix\M0034.wav,Mix-M,M0034.wav,d172f4151d3b4725dac8e98fa48eb0cecffd4ece8c48d4e05b73c557a528fdef,ff9b85d733a0ae927a74e81e75289662
../data/raw\Mix_extracted/Mix\M0035.wav,Mix-M,M0035.wav,25e294b622b067279ad2657d63f6152fce3210a3f336396c496e635a6507a34f,bdea2c2c3564a96c800d12956d393100
../data/raw\Mix_extracted/Mix\M0036.wav,Mix-M,M0036.wav,2fe8f8c6c400f60d09cca0ef97f598e893756755adbc074808f801ce13061714,8c3d59e9a163413f1d717e0cb1273537
../data/raw\Mix_extracted/Mix\M0037.wav,Mix-M,M0037.wav,c6a4a8109dff84205b55ff551114ea8923279e4935951acd0fa000442bc13104,d8ad55735a2b19624846d49f5916d886
../data/raw\Mix_extracted/Mix\M0038.wav,Mix-M,M0038.wav,81a34b67ac33f715d71867591399f9a9ab04e7aecc4852c171c1776609f461a5,d808cdcca72395f7e203ec311922fc99
../data/raw\Mix_extracted/Mix\M0039.wav,Mix-M,M0039.wav,bd5915c84024ca0b2d4bc646a73af03b9940cc1d4556058b909796e854a22fa0,c1f1b0bf80ec108a7144fa4e78fca40e
../data/raw\Mix_extracted/Mix\M0040.wav,Mix-M,M0040.wav,550c9d45e047d69e02790ab849d19769d6c86eac19309ae7c5e842522cc3aec1,bdc714309ba471c77e0bace3857db005
../data/raw\Mix_extracted/Mix\M0041.wav,Mix-M,M0041.wav,86022cf7650bacb43a6995fa0c5e445517ca01f0f7be8fe8315cd0b9e9db2397,bedb25074b73c38958d70ed0a115aaa9
../data/raw\Mix_extracted/Mix\M0042.wav,Mix-M,M0042.wav,67583480d6ce16af9cfb5ab87adf373734ac553db404254ad4ccb76c0cab0c39,d051910cf96a95bc3e84f37111e0495a
../data/raw\Mix_extracted/Mix\M0043.wav,Mix-M,M0043.wav,15e27a61d0d421261a1f6eee9dc8e0d3ff8c2adf7be73db3affb31f73dd0e826,7250692575eef4efe5be4e51ab34ef95
../data/raw\Mix_extracted/Mix\M0044.wav,Mix-M,M0044.wav,bdd247382b38a99a22ba436ab6fecdbf7969e1765d0df881ed6cdd793d77f99a,d809949e85e9de4889000abb86f9b542
../data/raw\Mix_extracted/Mix\M0045.wav,Mix-M,M0045.wav,001476f4d0299838ae8a711b53634c415366c1a1ccaa170976e978b6e77424c6,83f95f19a428686e80d86f8dec664a11
../data/raw\Mix_extracted/Mix\M0046.wav,Mix-M,M0046.wav,090101b60741fcf2e8963bbf2c8e1fcc1c2d3a6259be4c1f2339b80c437a5541,132fa9a8c02866bc4039536ebe40f955
../data/raw\Mix_extracted/Mix\M0047.wav,Mix-M,M0047.wav,f6a71ceec61ed6a4dc4b059de43f0dfb256fb1c6dc58bf63fa816bdd65e6021d,65326614d70487fb97faa9a45507ac63
../data/raw\Mix_extracted/Mix\M0048.wav,Mix-M,M0048.wav,8bace9ed37a03be072e1e91f22137ed9cebd4a122da1635d53616fa75e44bfb9,5ad07ee2715d0f300f56aac48b5df630
../data/raw\Mix_extracted/Mix\M0049.wav,Mix-M,M0049.wav,58cc671f839860856901bdfd704379f93e9dfc40cd923e412c65c9439118349d,89cc8e4d10aa44aeb8715936147ad231
../data/raw\Mix_extracted/Mix\M0050.wav,Mix-M,M0050.wav,acf407ddc9542e79782aa198da344f3362cba1d91861e1e3dfe9b51b07bd4ea6,ef006a8e2ff372fb5e5aa04b14bf616f
../data/raw\Mix_extracted/Mix\M0051.wav,Mix-M,M0051.wav,025748adf9d52cd9daa2e1da104154e0ed060d49fec597e8d151d6e9b505ebbb,d4525e971a9c712ff73dfe4ea37e9faa
../data/raw\Mix_extracted/Mix\M0052.wav,Mix-M,M0052.wav,5d6806b3120e9c78f78acb4a56069e38f1c7cc6d5e11831bd2089c5760567055,923da0d7728f962d26003219eee8ba7d
../data/raw\Mix_extracted/Mix\M0053.wav,Mix-M,M0053.wav,af400b2d13f98489813630ce9cf4bb590dd15c3be43843f0f629730d1a5870e6,9d9cdc40895f4e4a63ad9437d78808f0
../data/raw\Mix_extracted/Mix\M0054.wav,Mix-M,M0054.wav,315b1370bd4d2457aad85d63090dd4d8d8d506047bae274baaeeb85939dd5323,195513b75d9453f2fb9675d304f3c57a
../data/raw\Mix_extracted/Mix\M0055.wav,Mix-M,M0055.wav,ee4503dc6dd4a7b8cad759f0399f3e31a88ec01ffe48e1a78c97a4a66b5e4839,9ea58f5bab74bfa64b9ffc796fe9538e
../data/raw\Mix_extracted/Mix\M0056.wav,Mix-M,M0056.wav,a80ccc156994338fe46bb2a213354cdc6e660992181aa2b975fdc01b30d9eafc,1ae1aec0d0d26e50f11bcd85e575bd0d
../data/raw\Mix_extracted/Mix\M0057.wav,Mix-M,M0057.wav,14751b38c7b6f7b94ab7abcf94ebee5817bad0b5dda3c1375b170d10836192fd,dffc79175666da01fea935d5d5a6bb34
../data/raw\Mix_extracted/Mix\M0058.wav,Mix-M,M0058.wav,94c9b36f5ccca5620ba148962ccb7c054df87aeb8b27bd98a57e9a5f3ce776a6,2f3a56f0be2af922e02c85ddb2472f69
../data/raw\Mix_extracted/Mix\M0059.wav,Mix-M,M0059.wav,41e005604cd17b6070a352d1b0361954d470ff64cb4aba9c6d99e8557ed181a9,1e824fc01cddd1fc52a32d645e68d78d
../data/raw\Mix_extracted/Mix\M0060.wav,Mix-M,M0060.wav,ca3cb80705ffd7d603a7151f999e767524e99258a716cb242d18bafdbe2d994c,c8e2fc9a253a0add7be01ae5b630dd01
../data/raw\Mix_extracted/Mix\M0061.wav,Mix-M,M0061.wav,dfb9bb1eff0577df2177633d07cee735f32c8c204e8783ba743eddfbac3b53d1,4547c0362edf35f2ed66ff1143c089f4
../data/raw\Mix_extracted/Mix\M0062.wav,Mix-M,M0062.wav,72a866a27f7eb0a1eee684ec81e0a9f2174aed7487e089cc5d1c6a94f29101d6,c018b2a7e98d7619ad02b68bfea22fc4
../data/raw\Mix_extracted/Mix\M0063.wav,Mix-M,M0063.wav,be8a5e7e8e729519ad2768ba5daeadf90bd2657058abb878c5fb451f26a6084d,addd59daff4f8dfa2a9f95598d2be8b9
../data/raw\Mix_extracted/Mix\M0064.wav,Mix-M,M0064.wav,d781cb1af353e5f4fcb4fbde2992f43cfc4d32459d6ea3b2f4878040f108c8c8,e933161d1ca10716d988ed144bd51b51
../data/raw\Mix_extracted/Mix\M0065.wav,Mix-M,M0065.wav,65955f171cbdd9173be5f9a0248818270dd64e6b9e38f53f0f9a4e7d4da093de,8836b9df47f85a8a859bb8652cbfd6ee
../data/raw\Mix_extracted/Mix\M0066.wav,Mix-M,M0066.wav,9292b26d510a63c9aed47cc1590b25dcdae255ceb2e56dd877c79afe5b44c446,5f3d1fde3bf6cb2529bbeab4393d6085
../data/raw\Mix_extracted/Mix\M0067.wav,Mix-M,M0067.wav,dc419f18a7c91235de5c07f511383135886f58ad37955fa8f440cda19ca4bdf6,1399482c84a7c137e86cd9d13e80008c
../data/raw\Mix_extracted/Mix\M0068.wav,Mix-M,M0068.wav,20e9b2f78101317e967e7e969d1a94b9d4e7bc5495b1c1bf2ef24f43945fb9f3,585ed64cafe4a6ed63c170ace40fdc7d
../data/raw\Mix_extracted/Mix\M0069.wav,Mix-M,M0069.wav,fb6b4b9a9941a508d69c581782331d57200a8ea1707a05b3b1967d09bc0623ff,e0fd74e6b3e08ae3199efd7ec1410a7e
../data/raw\Mix_extracted/Mix\M0070.wav,Mix-M,M0070.wav,f4745d6fa03b64da0427c0ae2e460044a822610937489a29bd81b3441d8453a2,17d58f0f5965ef5e316c728bd55b58a4
../data/raw\Mix_extracted/Mix\M0071.wav,Mix-M,M0071.wav,58d969ac96d4c240ef22a663612eef750591dd9f4be8ee8cfc10eae52217ee97,5dc6f98190f1e2585ebbf71ef2d7b1ff
../data/raw\Mix_extracted/Mix\M0072.wav,Mix-M,M0072.wav,96d0b6e192e8e16a74c4159b6d571fe34f8bf8f0d1181d77bfbc7e33dd1d3b43,bad27cdae36b7e6dd89eb53e97e9ced2
../data/raw\Mix_extracted/Mix\M0073.wav,Mix-M,M0073.wav,afaad4a51b013850bf20889500ffe2a9dab793ad08b6ed2e44402b434d0ad0e6,279e70d1c372ba7acb0ebc979ca87bb0
../data/raw\Mix_extracted/Mix\M0074.wav,Mix-M,M0074.wav,a20a8cd236afc58b39aad223df4e76e4de5322142f721bd340f581f0fcd1ac4c,1bd9d04b4237a31a95c80b733f53a2df
../data/raw\Mix_extracted/Mix\M0075.wav,Mix-M,M0075.wav,90dd019b5f669d4aa800cab4edb8c318deed5dcb401efb7e3bb1c82238523dde,fc4c3188a7ef4417070807d2dc96a8c2
../data/raw\Mix_extracted/Mix\M0076.wav,Mix-M,M0076.wav,1b92799a962cbcc3d1a694d3c1d962561c4fa445a9b74194c1c208776edfb538,b19a2162a530a7389f691035322fdc72
../data/raw\Mix_extracted/Mix\M0077.wav,Mix-M,M0077.wav,88c463ac5a1a77da762b6f96d30f1e9483ea11e61f232b547a6752de43482bee,794cbc3f566beacd54c671ddd76a6e3b
../data/raw\Mix_extracted/Mix\M0078.wav,Mix-M,M0078.wav,e30ed7307cae76a947cf7faf0f686926e176235bea4720c12793b46fd0c99679,1a49b9c55babb8a38a1df4f7b5ca31b9
../data/raw\Mix_extracted/Mix\M0079.wav,Mix-M,M0079.wav,94e7cfb6d759e234a9067add534a17fb12e15e9574184a708fee1c83b2efb7af,1f5c00e8e6112c401a2197ac2e45ede9
../data/raw\Mix_extracted/Mix\M0080.wav,Mix-M,M0080.wav,7ba5fea9db0df921f48acf530e32e5737b2501c86dc2afe8e405292bb869cc34,78649a8b124b9cd3b4687357e49382c9
../data/raw\Mix_extracted/Mix\M0081.wav,Mix-M,M0081.wav,61eb65dd247f6f0f786ca15f7321313a35a95d144cc19618313d09e6a2853829,16dbfa0de8690de225808e6362fc41ae
../data/raw\Mix_extracted/Mix\M0082.wav,Mix-M,M0082.wav,451ee947986e2661b39bdd571b31273224e1a70e0dfcf32ac4150c942785812e,435d05f6caa414fbb888a0ad00e42186
../data/raw\Mix_extracted/Mix\M0083.wav,Mix-M,M0083.wav,a8e189a9f4dca49342723f8eea647f2798c315b40c9c8cd9dd30cd4a8d6aaf90,8df66b9416f19d5e4b6c6eb5ece7aae3
../data/raw\Mix_extracted/Mix\M0084.wav,Mix-M,M0084.wav,39838c354f59517cb84c70b179729a8238f4c67bf6eecc18fd2e32df29d4c171,1ddb92748dc86fe751e3c95bfb7cb71f
../data/raw\Mix_extracted/Mix\M0085.wav,Mix-M,M0085.wav,da8cd75b97e93d965dac325cfb9bf061cc70e70a7efb79ea620371329faaaabd,c997bcd35f446a3bac7cfe968830b417
../data/raw\Mix_extracted/Mix\M0086.wav,Mix-M,M0086.wav,17a29c1260e95495761db8fa05b8fc2225989fb5a43e79af061a3658386e55ed,c29224db7c53c528ad805a2d5d1511d7
../data/raw\Mix_extracted/Mix\M0087.wav,Mix-M,M0087.wav,30ec9b55bc410446760545b35594175fd25f3a5ed9abdf18cd623338968b5d3e,be2e14191541041b897d2906a2ebfc2f
../data/raw\Mix_extracted/Mix\M0088.wav,Mix-M,M0088.wav,2f9b6d90e46e1a41c53c76f589ecf93f55a8b03dac113a812585127f1973cdaf,7d3cc478f34ca73b5bd9a50b5a10950b
../data/raw\Mix_extracted/Mix\M0089.wav,Mix-M,M0089.wav,f4e789745d3f92fdb223f11fb953aa65f67f1f9b98dfc7d9962293303516be2e,92856cc5212172333e30804cfdb340f9
../data/raw\Mix_extracted/Mix\M0090.wav,Mix-M,M0090.wav,ca1ca203e14d4682b9e95fde5699e5e6ef3644e91a862c0e6aa8ff7b38997dab,92941f021eabd12e5e12499bbd8ca97d
../data/raw\Mix_extracted/Mix\M0091.wav,Mix-M,M0091.wav,8348cb774fbef79ef1243675057d71afcdbe372078011d97643aab5b0afec9b7,6a3b58a5f386e2560c45de7ea0f83ae0
../data/raw\Mix_extracted/Mix\M0092.wav,Mix-M,M0092.wav,d0ccecf395c6131df962bc3bb5f1db5c663dd60efa3031c62e5d2e53d4313217,8c1b8d7bd415f7759b3b683329275fcf
../data/raw\Mix_extracted/Mix\M0093.wav,Mix-M,M0093.wav,d62dcb3e64858955da927b9f563018df349d795466892ec09a190f276304561a,449f5bc480cff24242ca38703a8493c3
../data/raw\Mix_extracted/Mix\M0094.wav,Mix-M,M0094.wav,62a41aade8cb5074f10ea1da7730465f69ec658668e3e8c7c411ef6fab054e38,6370b2b5ecd4922da486c32e64d28305
../data/raw\Mix_extracted/Mix\M0095.wav,Mix-M,M0095.wav,826229bb0beaf85f0421a09248727afe721638315fc4656036c68904491ba1de,1990b9089506a3b77a9b284ecb01663f
../data/raw\Mix_extracted/Mix\M0096.wav,Mix-M,M0096.wav,9ba88444fd18d34e2a4d5f1914e8fb23801333fa734accf4b414e4e7b37c28f4,af0cb0f8994f2b60d6c7b372db2501a0
../data/raw\Mix_extracted/Mix\M0097.wav,Mix-M,M0097.wav,342d005f633f26fe40f01ddee265335c9ab1328a4cc2be6a263adec795efe37f,b2c83143612c6b2eb252ebaeb1cf2099
../data/raw\Mix_extracted/Mix\M0098.wav,Mix-M,M0098.wav,27e90e8841a60447e2878f632cb96f2f5a1f8238264a746157ad6cd9eb654f18,7bf598e8751366cdd88dab5c1385764d
../data/raw\Mix_extracted/Mix\M0099.wav,Mix-M,M0099.wav,f4458018b8eaa953cbc8c96e2d978b45c81337aa78cf3fbce0e3e1304bf016c4,047e2efa0b3c1e6a34f219f67eba50ef
../data/raw\Mix_extracted/Mix\M0100.wav,Mix-M,M0100.wav,25fc5ed63cdb048e299cab7aa2a7ca22cc76ab4646fe16094c364ef57e1541bf,2f8a71583e8c427bdc8beb0932761935
../data/raw\Mix_extracted/Mix\M0101.wav,Mix-M,M0101.wav,ef00ca70776970b73ec1693f0addcad28082f6171e9427309109d6b89ec0ee1f,dfeef83a1b542aeaa63a1618af9d1487
../data/raw\Mix_extracted/Mix\M0102.wav,Mix-M,M0102.wav,72904c5c25dae6dba3957107143efcaeb2b1544ad3e9faf0ea4ce768b5d496ac,09df9f76c492512ca000335cac0ea1cc
../data/raw\Mix_extracted/Mix\M0103.wav,Mix-M,M0103.wav,c2c676c1390dc734cb611714be40564033297921b9aa2b9688b57c20e987fd12,0d45bc0f7de8fd2f68aae165dd46b244
../data/raw\Mix_extracted/Mix\M0104.wav,Mix-M,M0104.wav,bcb8d793ba6b8c33ffe2bee14c24a5ee598ce9da2e854c6491b2b826c343b5cc,2a94fe0cebb71e9c7a56348f519fe594
../data/raw\Mix_extracted/Mix\M0105.wav,Mix-M,M0105.wav,e831f22cdc28196914bf6caa3539d9929cf918646bfd9fe8a7991af8ca420125,15867a1b89dac2ae58461d610761fdf0
../data/raw\Mix_extracted/Mix\M0106.wav,Mix-M,M0106.wav,e7efac82a87f2323f588a9e48e1c113462f56680c910ba30abec1c3b8edbed56,21e6b89792b1825458c1fd82cbc36544
../data/raw\Mix_extracted/Mix\M0107.wav,Mix-M,M0107.wav,bd457b31c79130c5efcd083c8f9a54c26d162c1e217007e44e23af222ac56615,fc6aa45ad751f20759913ea8359d0041
../data/raw\Mix_extracted/Mix\M0108.wav,Mix-M,M0108.wav,25fe737e32faa55cc67e7059dff64ecc1d4b9d78f17dfc1705a52908e6308ed9,8afad7ef6ae8bb9f09c09e9aec876ce8
../data/raw\Mix_extracted/Mix\M0109.wav,Mix-M,M0109.wav,256b85f231692f8fd1c6b7a84447fd5941524d14d126c1847035cc63ef84dbb9,c2bb83fccb082f481b0f6bdcfd65446f
../data/raw\Mix_extracted/Mix\M0110.wav,Mix-M,M0110.wav,6c1162985f2565493c42a00f2e179f73dfad3d3003fba8fbc972922357960ac8,51a5c5a1d147d1f860d1ff19c068ad53
../data/raw\Mix_extracted/Mix\M0111.wav,Mix-M,M0111.wav,2253e27468f6ebac29eccaac4f04de2355ee1f554fc93f87348d4b147af519aa,3d0435eaeebb5f12ec20ab79d61ddc67
../data/raw\Mix_extracted/Mix\M0112.wav,Mix-M,M0112.wav,1a099c6c9d883983bb7a4be18286300104d7e921e4f8ec5ea8183d2476901218,8156216a11e481c1c3292dccbea9601d
../data/raw\Mix_extracted/Mix\M0113.wav,Mix-M,M0113.wav,c684a8b501f689c59a0100260193de7b4ce87ef6c60cda6dd500a8908ca101f4,21d244e57a63577154bd6cf78b0c966c
../data/raw\Mix_extracted/Mix\M0114.wav,Mix-M,M0114.wav,7c1f47b3a1bf503ee3ea332f36adec99c0a95c00e03ba9d19382969ceb4cdada,479c25cf6e9fd83a1d85e3991bfbd1b7
../data/raw\Mix_extracted/Mix\M0115.wav,Mix-M,M0115.wav,8896dd44410fa731ac30fa50f2f136bd1d7d1c701299f722bdc6dca998ea9663,2b50590cc135ba7401c9b84ca04a1097
../data/raw\Mix_extracted/Mix\M0116.wav,Mix-M,M0116.wav,3fdf120c370aeed381ed45e47b4aefd3685ef1de49f4607c17036278e451f2b3,d7e7c6a968ebb3807a8a20dcb2e1251b
../data/raw\Mix_extracted/Mix\M0117.wav,Mix-M,M0117.wav,3f43113611d341a3f1bc8a1d200bd29be0551e29867e1ea933e9412b1fbd7a93,0a25a2ec916fcaa5073d4fed40b4d3ef
../data/raw\Mix_extracted/Mix\M0118.wav,Mix-M,M0118.wav,c52936f1214b8869fb9e20b47b282e0dbbf58f3642992d2eec6d0c3a8b56c334,3b51eb700b78215581ed5fe3db2079c4
../data/raw\Mix_extracted/Mix\M0119.wav,Mix-M,M0119.wav,db636c9c1d0d4099a456cad7e9f2cc70e552dc73a633d0abdf5db15bf82d252b,156d5a7bdb0e486909369b06a39e658c
../data/raw\Mix_extracted/Mix\M0120.wav,Mix-M,M0120.wav,c616651fd106b3bd9f0cf046f84c6262a6a2ec3acfb9318da47784b03aa0653f,5064f5b460c061e256340b0359275703
../data/raw\Mix_extracted/Mix\M0121.wav,Mix-M,M0121.wav,e7e2ed56364d64c4c7b79d76cf01f1841f0c2ddbb70b59f12c3cce74b9ab54ec,335d13f598dfabea2274ce62642350bc
../data/raw\Mix_extracted/Mix\M0122.wav,Mix-M,M0122.wav,45f2d3443c304259b7b3d330ba07da6a37e17b8bbf4815c62bee6e595f239451,f7837a35edc96a85af98c28ffb05c7c0
../data/raw\Mix_extracted/Mix\M0123.wav,Mix-M,M0123.wav,52032c8dfc3d8f14d17555e7ee556e427af03d438cf9ec6e8a2fe4f91b2f1267,8a7170a63ef4f8efed44268a91e0d495
../data/raw\Mix_extracted/Mix\M0124.wav,Mix-M,M0124.wav,8dcc9271e33e6ae062b39d8161619edb3a690ef39baf838e5e4705ba46188758,5fe7a00f090b6e410082d7bd897bcf2d
../data/raw\Mix_extracted/Mix\M0125.wav,Mix-M,M0125.wav,64b2c3e0e069341d8ffde28deae08a157f950a572b9acec298938ec9ce554857,0f2e5dc697a3c5df6ae19e808d4dd96a
../data/raw\Mix_extracted/Mix\M0126.wav,Mix-M,M0126.wav,2253e27468f6ebac29eccaac4f04de2355ee1f554fc93f87348d4b147af519aa,3d0435eaeebb5f12ec20ab79d61ddc67
../data/raw\Mix_extracted/Mix\M0127.wav,Mix-M,M0127.wav,4f4164c6a6151999ab1545cf8e04befbdb388248046c7a9bda692e26f54ed758,cdc23bb5bb0f94b63b394527c8077064
../data/raw\Mix_extracted/Mix\M0128.wav,Mix-M,M0128.wav,5cfca2669c0f21ca5f8ff4baefd9e42f447fcf1104ffdb548231ec6c6b67bcfd,23ac6fa77ce6e2fceaea8fac8251038e
../data/raw\Mix_extracted/Mix\M0129.wav,Mix-M,M0129.wav,6b34d8e1907160c85da51c0804e271b84baa16be5f7540ce7eb3e49dc0ee4bc9,96c427b4b486ca8a6bd65805384192bb
../data/raw\Mix_extracted/Mix\M0130.wav,Mix-M,M0130.wav,be498757649b600f5b6fe0ee4968beb462c8ea3b296efc4d4c72b4097ed150f8,6c145f733b61a8332b5bf788c1ad3b3d
../data/raw\Mix_extracted/Mix\M0131.wav,Mix-M,M0131.wav,b6d086b47cb15e40b190635aa5f3508fbfdde9e8eac52f687429d20ca4f34c72,dd5ca43cbd2b5cd48a0de6f5f5fa6085
../data/raw\Mix_extracted/Mix\M0132.wav,Mix-M,M0132.wav,cd20481747782bde426c274b2ad5c00f030b9f35687047f26911458c0bf7441d,81a3c5db7c317bf07c54a3aa421c7338
../data/raw\Mix_extracted/Mix\M0133.wav,Mix-M,M0133.wav,1b947810a858ad358b005519adb866fac8a3b12530aed2882e2f2339a9f7125b,819eb1ee6ef441984f9c932f1b9a4ea1
../data/raw\Mix_extracted/Mix\M0134.wav,Mix-M,M0134.wav,9a4cbf332c2ec211e083638ec15236481ae0e296a894dd41d1bbcdb5b7e43f6a,d179442fd58367594c05f630bd8cc42c
../data/raw\Mix_extracted/Mix\M0135.wav,Mix-M,M0135.wav,d472569dcb0140924ac3f3031e5ae53b27f162c26d276ceb72594fb0cfa7b08a,5d3774ba3af84b2327636b9294dc7478
../data/raw\Mix_extracted/Mix\M0136.wav,Mix-M,M0136.wav,2558ae3f2daa587a5ae763d5840a07ddd677fce309f8fe12fcf373f264ba3421,42207398c15e0194cec3e085f6b11878
../data/raw\Mix_extracted/Mix\M0137.wav,Mix-M,M0137.wav,cb38ebefdff818ade48e38faf68c6a379908e42bec5929b4d71aa52bcf9c9b66,913d7d07ddf9a32703ad134e3968a4a5
../data/raw\Mix_extracted/Mix\M0138.wav,Mix-M,M0138.wav,305bf5ba496b5d6325a544832e7720cca14caed15e64d4ec5b668585e54e6b0d,4348641f0a0b1f2b4f06e828f5ffd872
../data/raw\Mix_extracted/Mix\M0139.wav,Mix-M,M0139.wav,f6d98aa572b6d7e2e53e7f687d523722a2501699f3addf980366863f0c446c3c,03ee9ba488496b20cf877e6fc736f414
../data/raw\Mix_extracted/Mix\M0140.wav,Mix-M,M0140.wav,7bee72e35b31a57327be65f6678ee09cc8f17f5612c7dd97ebf65254fa5233f1,2b736019c42e7305af801ede312a58ac
../data/raw\Mix_extracted/Mix\M0141.wav,Mix-M,M0141.wav,f67029df57cbde547eb7215f098b72f61f3d1e856c3ee2794b179020d763d739,c81e8523d792a11680e754a2f28511c3
../data/raw\Mix_extracted/Mix\M0142.wav,Mix-M,M0142.wav,83242fa577152b902c9e77acfc6ee2207886a012de40992f527fe97ea7deceaf,f0454ca8e9bff3b462de5c88934113a3
../data/raw\Mix_extracted/Mix\M0143.wav,Mix-M,M0143.wav,57c0af0c1a159d9881fd704fc983f9a377cbd0ac0aae343e7c9cd7a8de710636,5ce92efcca58b6b522bb22e84b432265
../data/raw\Mix_extracted/Mix\M0144.wav,Mix-M,M0144.wav,59674e8ce7c063c5ebb804936986c7138fb16c234f046e13b7eb16f67ea46cad,8b157a251e312bd9748764c08618c635
../data/raw\Mix_extracted/Mix\M0145.wav,Mix-M,M0145.wav,b92fd3cd2e5eb8eb86140b73091f1a2edd0e3078e8a26e75d2357516834cfaf2,aa72ca01c6cbe7841729b42ede057ce6
